Baslik,Fiyat,Lokasyon,Yas,Kat,Metrekare,Link,KatSayisi,Ilce
Trabzon Yalıncak'Ta Satılık 2+1 Sıfır Lüks Daireler,4500000,Trabzon / Ortahisar / Yalıncak Mah.,0,1. Kat,115,https://www.hepsiemlak.com/trabzon-ortahisar-yalincak-satilik/daire/158797-53,1.0,Ortahisar
Trabzonda Meydan'Da Satılık 3+1 Fırsat Daire!!!,3640000,Trabzon / Ortahisar / İskenderpaşa Mah.,21,2. Kat,160,https://www.hepsiemlak.com/trabzon-ortahisar-iskenderpasa-satilik/daire/158797-73,2.0,Ortahisar
Trabzon Pelitli Merkezi Konumda 3+1 Satılık Daire Fırsat Fiyat!!,3980000,Trabzon / Ortahisar / Pelitli Mah.,11,2. Kat,150,https://www.hepsiemlak.com/trabzon-ortahisar-pelitli-satilik/daire/158797-94,2.0,Ortahisar
Turyap Trabzon Loft Park Satılık Sıfır Daire,6500000,Trabzon / Yomra / Kaşüstü Mah.,6,1. Kat,165,https://www.hepsiemlak.com/trabzon-yomra-kasustu-satilik/daire/168939-182,1.0,Yomra
Trabzon Sürmene Çamlıca Mahallesi 6.Kat Yeni Binada Satılık 3+1 Daire,5650000,Trabzon / Sürmene / Çamlıca Mah.,4,6. Kat,135,https://www.hepsiemlak.com/trabzon-surmene-camlica-satilik/daire/41676-68,6.0,Sürmene
Golden Key Gayrimenkul'Den Satılık 2+1 Daire,975000,Trabzon / Ortahisar / Bahçecik Mah.,26,Giriş Katı,78,https://www.hepsiemlak.com/trabzon-ortahisar-bahcecik-satilik/daire/163416-446,0.0,Ortahisar
Turyap Trabzon Akyazı Stadyum Karşısı Satılık Villa,30500000,Trabzon / Ortahisar / Akyazı Mah.,2,Bahçe Katı,551,https://www.hepsiemlak.com/trabzon-ortahisar-akyazi-satilik/villa/168939-181,0.0,Ortahisar
Turyap Trabzon Akçaabat Satılık Villa Ayışığı Konakları,13650000,Trabzon / Akçaabat / Darıca Mah.,6,Bahçe Katı,300,https://www.hepsiemlak.com/trabzon-akcaabat-darica-satilik/villa/168939-180,0.0,Akçaabat
Trabzon Çaykara Merkezde Satılık Daire,1900000,Trabzon / Çaykara / Işıklı Mah.,16,Çatı Katı,120,https://www.hepsiemlak.com/trabzon-caykara-isikli-satilik/daire/158797-111,99.0,Çaykara
Turyap Trabzon Satılık Villa Mimoza Konutları,32000000,Trabzon / Ortahisar / Yalıncak Mah.,6,Bahçe Katı,450,https://www.hepsiemlak.com/trabzon-ortahisar-yalincak-satilik/villa/168939-179,0.0,Ortahisar
Ö Z G E N Ç'Ten Araklı Konakönünde Satılık 3+1 Sıfır Daire,6150000,Trabzon / Araklı / Hürriyet Mah.,0,5. Kat,135,https://www.hepsiemlak.com/trabzon-arakli-hurriyet-satilik/daire/162068-47,5.0,Araklı
Trabzon Esentepe Mah.De Satılık 4+1 Dubleks Daire,5950000,Trabzon / Ortahisar / Esentepe Mah.,16,En Üst Kat,210,https://www.hepsiemlak.com/trabzon-ortahisar-esentepe-satilik/daire/30414-5886,99.0,Ortahisar
Vip Gayrimenkul'Den Sahra Sitesi'Nde 3+1 Satılık Daire,5500000,Trabzon / Ortahisar / Pelitli Mah.,6,3. Kat,180,https://www.hepsiemlak.com/trabzon-ortahisar-pelitli-satilik/daire/163440-345,3.0,Ortahisar
Yalıncak Da Satılık Sıfır Daire,5000000,Trabzon / Ortahisar / Yalıncak Mah.,0,4. Kat,165,https://www.hepsiemlak.com/trabzon-ortahisar-yalincak-satilik/daire/98527-179,4.0,Ortahisar
Karabina Gayrimenkul'Den Aydınlıkevler Tanjant Yolu Üzeri Satılık Daire,7000000,Trabzon / Ortahisar / Aydınlıkevler Mah.,15,3. Kat,160,https://www.hepsiemlak.com/trabzon-ortahisar-aydinlikevler-satilik/daire/42100-2083,3.0,Ortahisar
Satılık 2 + 1 Daire Akçaabat Yaylacık Mahallesi Deha Emlak,4400000,Trabzon / Akçaabat / Yaylacık Mah.,0,4. Kat,90,https://www.hepsiemlak.com/trabzon-akcaabat-yaylacik-satilik/daire/110612-941,4.0,Akçaabat
Deha Emlak`tan Satılık 2+1 Zemin Kat Daire Akçaabat Yaylacık Mah,2900000,Trabzon / Akçaabat / Yaylacık Mah.,0,Zemin,65,https://www.hepsiemlak.com/trabzon-akcaabat-yaylacik-satilik/daire/110612-940,0.0,Akçaabat
Golden Key Gayrimenkul'Den Boztepe'De Satılık Villa,28750000,Trabzon / Ortahisar / Boztepe Mah.,11,Bahçe Katı,375,https://www.hepsiemlak.com/trabzon-ortahisar-boztepe-satilik/villa/163416-486,0.0,Ortahisar
Telsiztepe 8 Evlerde Satılık Lüks Villa,39500000,Trabzon / Ortahisar / Soğuksu Mah.,6,Bahçe Katı,560,https://www.hepsiemlak.com/trabzon-ortahisar-soguksu-satilik/villa/164963-343,0.0,Ortahisar
Trabzon Ortahisar Mimoza Parkevleri Sitesi Satılık 3+1 Boş Daire,8500000,Trabzon / Ortahisar / 3 Nolu Erdoğdu Mah.,6,6. Kat,175,https://www.hepsiemlak.com/trabzon-ortahisar-3-nolu-erdogdu-satilik/daire/154260-98,6.0,Ortahisar
Trabzon Yomra Kaşüstü Şanaevleri'De Lüks Satılık Daire,13000000,Trabzon / Yomra / Kaşüstü Mah.,6,7. Kat,360,https://www.hepsiemlak.com/trabzon-yomra-kasustu-satilik/daire/129420-1736,7.0,Yomra
Deniz Manzaralı Plaja Ve Havaalanına Yürüme Mesafesi 3+1 Daire,5950000,Trabzon / Ortahisar / Konaklar Mah.,0,2. Kat,130,https://www.hepsiemlak.com/trabzon-ortahisar-konaklar-satilik/daire/168100-11,2.0,Ortahisar
Poyraz Gayrimenkul Trabzon Sürmene Yemişlide Satılık Daire,6250000,Trabzon / Sürmene / Yemişli Mah.,10,8. Kat,155,https://www.hepsiemlak.com/trabzon-surmene-yemisli-satilik/daire/90850-415,8.0,Sürmene
Erdoğdu'Da Satılık Dublex Daire,11500000,Trabzon / Ortahisar / 3 Nolu Erdoğdu Mah.,6,9. Kat,300,https://www.hepsiemlak.com/trabzon-ortahisar-3-nolu-erdogdu-satilik/daire/163440-344,9.0,Ortahisar
Golden Key Gayrimenkul'Den Kanuni Mah.Eşyalı Satılık 1+1 Dairw,1950000,Trabzon / Ortahisar / Kanuni Mah.,11,Yarı Bodrum,100,https://www.hepsiemlak.com/trabzon-ortahisar-kanuni-satilik/daire/163416-477,1.0,Ortahisar
Trabzon Çukurçayır Holtur Evleri 3+1 Satılık Daire,6290000,Trabzon / Ortahisar / Çukurçayır Mah.,16,4. Kat,155,https://www.hepsiemlak.com/trabzon-ortahisar-cukurcayir-satilik/daire/164963-288,4.0,Ortahisar
Trabzon Yomra Kaşüstü Şanaevlerin'De Satılık 4+1 Dubleks,9250000,Trabzon / Yomra / Kaşüstü Mah.,11,8. Kat,324,https://www.hepsiemlak.com/trabzon-yomra-kasustu-satilik/daire/129420-1570,8.0,Yomra
Vip Real Estate 3 Nolu Erdoğdu Merkezi Konumda 3+1 Daire,5750000,Trabzon / Ortahisar / 3 Nolu Erdoğdu Mah.,0,3. Kat,130,https://www.hepsiemlak.com/trabzon-ortahisar-3-nolu-erdogdu-satilik/daire/163440-341,3.0,Ortahisar
Trabzon Yalıncak'Ta Deniz Manzaralı 2+1 Satılık Daireler,5000000,Trabzon / Ortahisar / Yalıncak Mah.,0,4. Kat,115,https://www.hepsiemlak.com/trabzon-ortahisar-yalincak-satilik/daire/158797-106,4.0,Ortahisar
Trabzon Arsin Yeşilyalı İçi Sıfır Yapılı 3+1 Satılık Daire,2860000,Trabzon / Arsin / Yeşilyalı Mah.,11,1. Kat,120,https://www.hepsiemlak.com/trabzon-arsin-yesilyali-satilik/daire/164963-188,1.0,Arsin
Deha Emlak Tan Satılık 4+1 Daire Söğütlü Mahallesi,7500000,Trabzon / Akçaabat / Söğütlü Mah.,11,1. Kat,190,https://www.hepsiemlak.com/trabzon-akcaabat-sogutlu-satilik/daire/110612-756,1.0,Akçaabat
Trabzon Yalıncak'Ta Satılık 2+1 Sıfır Lüks Daireler,5500000,Trabzon / Ortahisar / Çimenli Mah.,0,4. Kat,115,https://www.hepsiemlak.com/trabzon-ortahisar-cimenli-satilik/daire/158797-105,4.0,Ortahisar
Poyraz Gayrimenkul Trabzon Yeşiltepe Satılık Çatı Katı Daire 2+1,2100000,Trabzon / Ortahisar / Yeşiltepe Mah.,16,Çatı Katı,120,https://www.hepsiemlak.com/trabzon-ortahisar-yesiltepe-satilik/daire/90850-408,99.0,Ortahisar
Akçaabat Yaylacık Mahallesinde Satılık Villa,25000000,Trabzon / Akçaabat / Yaylacık Mah.,0,Bahçe Katı,600,https://www.hepsiemlak.com/trabzon-akcaabat-yaylacik-satilik/villa/118482-313,0.0,Akçaabat
"Zgn Group | Ful Deniz Manzaralı, Masrafsız, Yapılı, Geniş 2+1",3725000,Trabzon / Ortahisar / Değirmendere Mah.,26,2. Kat,125,https://www.hepsiemlak.com/trabzon-ortahisar-degirmendere-satilik/daire/153813-66,2.0,Ortahisar
Yalıncak Mahallesinde Satılık 4. Kat 4+1 Daire,6500000,Trabzon / Ortahisar / Yalıncak Mah.,0,4. Kat,200,https://www.hepsiemlak.com/trabzon-ortahisar-yalincak-satilik/daire/132476-1037,4.0,Ortahisar
Trabzon Yalıncak'Ta Satılık 2+1 Sıfır Lüks Daireler,4500000,Trabzon / Ortahisar / Çimenli Mah.,0,1. Kat,115,https://www.hepsiemlak.com/trabzon-ortahisar-cimenli-satilik/daire/158797-104,1.0,Ortahisar
Deha Emlaktan Satılık 3 + 1 Rezidans Dairesi Armada Yıldızlı,13800000,Trabzon / Akçaabat / Yıldızlı Mah.,8,6. Kat,170,https://www.hepsiemlak.com/trabzon-akcaabat-yildizli-satilik/daire/110612-979,6.0,Akçaabat
Deniz Manzaralı Plaja Ve Havaalanına Yürüme Mesafesi Lüx Dublex,11250000,Trabzon / Ortahisar / Konaklar Mah.,0,6. Kat,207,https://www.hepsiemlak.com/trabzon-ortahisar-konaklar-satilik/daire/168100-10,6.0,Ortahisar
Trabzon Yalıncak'Ta Satılık 2+1 Sıfır Lüks Daireler,5500000,Trabzon / Ortahisar / Çimenli Mah.,0,4. Kat,115,https://www.hepsiemlak.com/trabzon-ortahisar-cimenli-satilik/daire/158797-55,4.0,Ortahisar
Pelitlide Çok Merkezi Konumda Satılık 3+1 Daire,5450000,Trabzon / Ortahisar / Pelitli Mah.,6,4. Kat,150,https://www.hepsiemlak.com/trabzon-ortahisar-pelitli-satilik/daire/164963-347,4.0,Ortahisar
Deha Emlak`tan Satılık 1+1 Daire Akçaabat Yaylacık Mah,2375000,Trabzon / Akçaabat / Yaylacık Mah.,0,Yüksek Giriş,45,https://www.hepsiemlak.com/trabzon-akcaabat-yaylacik-satilik/daire/110612-939,0.0,Akçaabat
Trabzon Meydan Kemerkaya Da Satılık 1+1 Daire,3750000,Trabzon / Ortahisar / Kemerkaya Mah.,10,1. Kat,60,https://www.hepsiemlak.com/trabzon-ortahisar-kemerkaya-satilik/daire/30414-5721,1.0,Ortahisar
Üniversite Mah. Satılık 2+1 Sıfır Daire,5300000,Trabzon / Ortahisar / Üniversite Mah.,0,5. Kat,92,https://www.hepsiemlak.com/trabzon-ortahisar-universite-satilik/daire/163949-92,5.0,Ortahisar
Arsin Yeşilyalı'Da Satılık 3+1 Deniz Manzaralı Fırsat Daire,3840000,Trabzon / Arsin / Yeşilyalı Mah.,11,5. Kat,145,https://www.hepsiemlak.com/trabzon-arsin-yesilyali-satilik/daire/163938-279,5.0,Arsin
Doğa Ve Deniz Manzaralı Satılık Daire,3400000,Trabzon / Ortahisar / Bahçecik Mah.,26,Çatı Katı,140,https://www.hepsiemlak.com/trabzon-ortahisar-bahcecik-satilik/daire/160482-16,99.0,Ortahisar
"Trabzon Sürmene'De Deniz Manzaralı,Site İçi Lüks 4+1 Daire, 230 M²",11500000,Trabzon / Sürmene / Orta Mah.,0,1. Kat,230,https://www.hepsiemlak.com/trabzon-surmene-orta-satilik/daire/121161-745,1.0,Sürmene
Sahibinden Trabzon/Yomra/Kasustunde Satilik 3+1 Luks Daire,6750000,Trabzon / Yomra / Kaşüstü Mah.,14,7. Kat,158,https://www.hepsiemlak.com/trabzon-yomra-kasustu-satilik/daire/0-46715747,7.0,Yomra
Luxury Residence İn The Heart Of Trabzon (Apartment 3 Bhk),16000000,Trabzon / Ortahisar / Yalıncak Mah.,4,5. Kat,727804,https://www.hepsiemlak.com/trabzon-ortahisar-yalincak-satilik/daire/0-46713374,5.0,Ortahisar
"2 No'Lu Beşirli Mah. Deniz Manzaralı, Önü Kapanmaz, Taşkent Site",3600000,Trabzon / Ortahisar / 2 Nolu Beşirli Mah.,21,5. Kat,150,https://www.hepsiemlak.com/trabzon-ortahisar-2-nolu-besirli-satilik/daire/163477-109,5.0,Ortahisar
Yalıncak Premium Park2 3+1 Satılık Daire,7500000,Trabzon / Ortahisar / Yalıncak Mah.,6,5. Kat,190,https://www.hepsiemlak.com/trabzon-ortahisar-yalincak-satilik/daire/152779-157,5.0,Ortahisar
!! Bulvarkent Full Manzaralı,10500000,Trabzon / Ortahisar / Çukurçayır Mah.,5,8. Kat,180,https://www.hepsiemlak.com/trabzon-ortahisar-cukurcayir-satilik/daire/168548-2,8.0,Ortahisar
Türk Gyo'Dan Aydınlıkevlerde Anahtar Teslim Hazır 3+1 Daire,3400000,Trabzon / Ortahisar / Aydınlıkevler Mah.,31,2. Kat,135,https://www.hepsiemlak.com/trabzon-ortahisar-aydinlikevler-satilik/daire/90010-516,2.0,Ortahisar
Bahçecik'Te Merkezi Konumda Kelepir Daire!,2325000,Trabzon / Ortahisar / Bahçecik Mah.,26,1. Kat,100,https://www.hepsiemlak.com/trabzon-ortahisar-bahcecik-satilik/daire/168939-176,1.0,Ortahisar
Trabzon Gayrimenkulden Vakfıkebirde Satılık 3+1 Daire,4890000,Trabzon / Vakfıkebir / Kemaliye Mah.,21,2. Kat,165,https://www.hepsiemlak.com/trabzon-vakfikebir-kemaliye-satilik/daire/164963-342,2.0,Vakfıkebir
Acil Satılık Fırsat Daire,3650000,Trabzon / Ortahisar / Yalıncak Mah.,0,Giriş Katı,150,https://www.hepsiemlak.com/trabzon-ortahisar-yalincak-satilik/daire/0-46764793,0.0,Ortahisar
Rd'Den Maçka Merkezde 120 Mt² 3+1 Satılık Ev,2800000,Trabzon / Maçka / Merkez Mah.,28,2. Kat,130,https://www.hepsiemlak.com/trabzon-macka-merkez-satilik/daire/129150-471,2.0,Maçka
Trabzon/Ortahisar/Karşıyaka Satılık Site İçinde Daire,5800000,Trabzon / Ortahisar / Karşıyaka Mah.,6,1. Kat,155,https://www.hepsiemlak.com/trabzon-ortahisar-karsiyaka-satilik/daire/51410-1990,1.0,Ortahisar
Zgn Group|2 Nolu Beşirlide Satılık 3+1 Daire Kanuni Bulvarı Üstü,5250000,Trabzon / Ortahisar / 2 Nolu Beşirli Mah.,6,1. Kat,150,https://www.hepsiemlak.com/trabzon-ortahisar-2-nolu-besirli-satilik/daire/153813-82,1.0,Ortahisar
Armada Resıdence C Blok Lüx 3+1 Satılık Daire,18750000,Trabzon / Akçaabat / Söğütlü Mah.,6,3. Kat,228,https://www.hepsiemlak.com/trabzon-akcaabat-sogutlu-satilik/residence/163938-277,3.0,Akçaabat
Ö Z G E N Ç'Ten Araklı Konakönünde Satılık 3+1 Sıfır Daire,6250000,Trabzon / Araklı / Hürriyet Mah.,0,5. Kat,135,https://www.hepsiemlak.com/trabzon-arakli-hurriyet-satilik/daire/162068-43,5.0,Araklı
Trabzon Sürmene Çamlıca Mah Satılık 3+1 Yeni 6. Kat Daire,5650000,Trabzon / Sürmene / Çamlıca Mah.,4,6. Kat,135,https://www.hepsiemlak.com/trabzon-surmene-camlica-satilik/daire/41676-69,6.0,Sürmene
"Üniversite Mahallesinde, Eşyalı, Kiracılı , Deniz Manzaralı",3050000,Trabzon / Ortahisar / Üniversite Mah.,6,8. Kat,110,https://www.hepsiemlak.com/trabzon-ortahisar-universite-satilik/daire/163477-98,8.0,Ortahisar
Karşıyaka Mahallesinde Tanjant Üzeri Satılık Daire,7000000,Trabzon / Ortahisar / Karşıyaka Mah.,25,6. Kat,165,https://www.hepsiemlak.com/trabzon-ortahisar-karsiyaka-satilik/daire/132476-1084,6.0,Ortahisar
Türk Gyo'Dan Söğütlü'De Deniz%Şehir Manzaralı 3+1 Siteiçi Daire,3650000,Trabzon / Akçaabat / Söğütlü Mah.,21,6. Kat,140,https://www.hepsiemlak.com/trabzon-akcaabat-sogutlu-satilik/daire/90010-486,6.0,Akçaabat
Trabzon Arsin Yeşilyalı 3+1 Satılık Daire,3600000,Trabzon / Arsin / Yeşilyalı Mah.,11,3. Kat,150,https://www.hepsiemlak.com/trabzon-arsin-yesilyali-satilik/daire/164963-328,3.0,Arsin
2 Nolu Beşirli Mahallesi'Nde Satılık 3+1 Daire,12000000,Trabzon / Ortahisar / 2 Nolu Beşirli Mah.,16,8. Kat,190,https://www.hepsiemlak.com/trabzon-ortahisar-2-nolu-besirli-satilik/daire/163440-339,8.0,Ortahisar
Bahçecik Mahallesi'Nde Satılık 3+1 Daire,3400000,Trabzon / Ortahisar / Bahçecik Mah.,18,En Üst Kat,130,https://www.hepsiemlak.com/trabzon-ortahisar-bahcecik-satilik/daire/83736-942,99.0,Ortahisar
"Trabzon Yomra Sancak'Ta Deniz Manzaralı, 190 M² 4+1 Satılık Lüks Site Dairesi",5850000,Trabzon / Yomra / Sancak Mah.,5,11. Kat,190,https://www.hepsiemlak.com/trabzon-yomra-sancak-satilik/daire/121161-737,11.0,Yomra
Çukurçayırda Satılık Güzel Geniş 3+1 Daire,5000000,Trabzon / Ortahisar / Çukurçayır Mah.,11,5. Kat,160,https://www.hepsiemlak.com/trabzon-ortahisar-cukurcayir-satilik/daire/163938-274,5.0,Ortahisar
Trabzon Ortahisar Kireçhanede Satılık Villa,15000000,Trabzon / Ortahisar / Kireçhane Mah.,0,,260,https://www.hepsiemlak.com/trabzon-ortahisar-kirechane-satilik/villa/30414-5877,,Ortahisar
Ö Z G E N Ç'Ten Araklı Konakönünde Satılık 2+1 Sıfır Daire,5250000,Trabzon / Araklı / Hürriyet Mah.,5,8. Kat,120,https://www.hepsiemlak.com/trabzon-arakli-hurriyet-satilik/daire/162068-35,8.0,Araklı
Araklı'Da Güvenlikli Sitede Taşınmaya Hazır 3+1 Daire I Tekce,5350000,Trabzon / Araklı / Kalecik Mah.,4,3. Kat,140,https://www.hepsiemlak.com/trabzon-arakli-kalecik-satilik/daire/1876-3596,3.0,Araklı
Borex'Den Trabzon Ortahisar Aydınlıkevler'De 220 M2 4+1 Satılık Zemin Dubleksi,6250000,Trabzon / Ortahisar / Aydınlıkevler Mah.,18,Giriş Katı,220,https://www.hepsiemlak.com/trabzon-ortahisar-aydinlikevler-satilik/daire/109509-74,0.0,Ortahisar
Çukurçayırda Satılık Güzel Geniş 3+1 Daire,4950000,Trabzon / Ortahisar / Çukurçayır Mah.,11,5. Kat,160,https://www.hepsiemlak.com/trabzon-ortahisar-cukurcayir-satilik/daire/163938-268,5.0,Ortahisar
Trabzon Ortahisar İlçesi Bahçeçik Mah.Satılık Daire,5350000,Trabzon / Ortahisar / Bahçecik Mah.,3,5. Kat,140,https://www.hepsiemlak.com/trabzon-ortahisar-bahcecik-satilik/daire/30414-5852,5.0,Ortahisar
Trabzon Şehir Merkezi Yeni Valilik Mrş Caddesi Satılık 3+1 Daire,3580000,Trabzon / Ortahisar / Hızırbey Mah.,26,3. Kat,170,https://www.hepsiemlak.com/trabzon-ortahisar-hizirbey-satilik/daire/158797-5,3.0,Ortahisar
Trabzon İnönü Mah Doksanevler Sitesi 3+1,2750000,Trabzon / Ortahisar / İnönü Mah.,36,5. Kat,125,https://www.hepsiemlak.com/trabzon-ortahisar-inonu-satilik/daire/121161-741,5.0,Ortahisar
Bahçecik Mahallesi'Nde Eşyalı 3+1 Satılık Daire,4500000,Trabzon / Ortahisar / Bahçecik Mah.,9,Ara Kat,155,https://www.hepsiemlak.com/trabzon-ortahisar-bahcecik-satilik/daire/83736-938,3.0,Ortahisar
Çukurçayır Sıfır 3+1 Daire,6000000,Trabzon / Ortahisar / Çukurçayır Mah.,0,1. Kat,175,https://www.hepsiemlak.com/trabzon-ortahisar-cukurcayir-satilik/daire/163938-264,1.0,Ortahisar
Vıp Gayrimenkul'Den Bahçecik Yeni Toki'De 3+1 Satılık Dairemiz,4500000,Trabzon / Ortahisar / Bahçecik Mah.,2,4. Kat,160,https://www.hepsiemlak.com/trabzon-ortahisar-bahcecik-satilik/daire/163440-304,4.0,Ortahisar
Trabzon Havaalanı Pelitli Mah. Site İçi Satılık Daire,7000000,Trabzon / Ortahisar / Pelitli Mah.,7,7. Kat,192,https://www.hepsiemlak.com/trabzon-ortahisar-pelitli-satilik/daire/30414-5815,7.0,Ortahisar
Yalıncak Ramada Bölgesinde 183m² Deniz Manzaralı Lüks 3.5+1,8399999,Trabzon / Ortahisar / Yalıncak Mah.,11,7. Kat,200,https://www.hepsiemlak.com/trabzon-ortahisar-yalincak-satilik/daire/163611-107,7.0,Ortahisar
Trabzon Çaykara Merkezde Satılık Dubleks Daire,2400000,Trabzon / Çaykara / Işıklı Mah.,16,4. Kat,105,https://www.hepsiemlak.com/trabzon-caykara-isikli-satilik/daire/158797-112,4.0,Çaykara
Yıldızlı Medikalpark Hastane Karşısı Satılık Dublex Daire,8500000,Trabzon / Akçaabat / Yıldızlı Mah.,16,10. Kat,220,https://www.hepsiemlak.com/trabzon-akcaabat-yildizli-satilik/daire/168939-168,10.0,Akçaabat
Deha Emlak'Tan Satılık 3+1 Daire Çukurçayırda,5400000,Trabzon / Ortahisar / Çukurçayır Mah.,9,3. Kat,155,https://www.hepsiemlak.com/trabzon-ortahisar-cukurcayir-satilik/daire/110612-956,3.0,Ortahisar
Trabzon Yalıncakta Teras Evlerde Satılık 4+1 Daire,11200000,Trabzon / Ortahisar / Yalıncak Mah.,8,2. Kat,210,https://www.hepsiemlak.com/trabzon-ortahisar-yalincak-satilik/daire/30414-5725,2.0,Ortahisar
Ful Deniz Manzaralı Satılık Masrafsız Fırsat Daire 💥💥💥,2850000,Trabzon / Ortahisar / 1 Nolu Erdoğdu Mah.,20,En Üst Kat,100,https://www.hepsiemlak.com/trabzon-ortahisar-1-nolu-erdogdu-satilik/daire/160482-17,99.0,Ortahisar
Mbt Gayrimenkul'Den Yeşiltepe'De Merkezi Konumda 3+1 Temiz Daire,4390000,Trabzon / Ortahisar / Yeşiltepe Mah.,16,2. Kat,150,https://www.hepsiemlak.com/trabzon-ortahisar-yesiltepe-satilik/daire/152779-128,2.0,Ortahisar
Trabzon Akçaabat Akçakale'De Satılık 2+1 Villa,6500000,Trabzon / Akçaabat / Akçakale Mah.,0,Bahçe Katı,96,https://www.hepsiemlak.com/trabzon-akcaabat-akcakale-satilik/villa/146372-186,0.0,Akçaabat
Trabzon Gayrimenkulden Kaşüstünde Satılık 1+1 Daireler,2850000,Trabzon / Yomra / Kaşüstü Mah.,0,3. Kat,55,https://www.hepsiemlak.com/trabzon-yomra-kasustu-satilik/daire/164963-344,3.0,Yomra
Müstakil Hayat İsteyenlere Eşsiz Yapı Villa..,19500000,Trabzon / Ortahisar / Kamışlı Mah.,1,Bahçe Katı,150,https://www.hepsiemlak.com/trabzon-ortahisar-kamisli-satilik/villa/168939-166,0.0,Ortahisar
Kaçmaz Emlaktan Trabzon Maçka İlçesi Merkez Mah. Satılık Bina,19000000,Trabzon / Maçka / Merkez Mah.,2,,520,https://www.hepsiemlak.com/trabzon-macka-merkez-satilik/bina/30414-5722,,Maçka
2 Nolu Beşirlide Satılık Daire,2150000,Trabzon / Ortahisar / 2 Nolu Beşirli Mah.,6,Giriş Katı,90,https://www.hepsiemlak.com/trabzon-ortahisar-2-nolu-besirli-satilik/daire/163611-20,0.0,Ortahisar
İskenderpaşa Mahallesi Satılık 3+1 Daire,4000000,Trabzon / Ortahisar / İskenderpaşa Mah.,29,3. Kat,135,https://www.hepsiemlak.com/trabzon-ortahisar-iskenderpasa-satilik/daire/132476-1096,3.0,Ortahisar
Zgn Group | Yaylacık'Ta Satılık 160 M2 Geniş 3+1 Daire,5350000,Trabzon / Akçaabat / Yaylacık Mah.,4,3. Kat,160,https://www.hepsiemlak.com/trabzon-akcaabat-yaylacik-satilik/daire/153813-78,3.0,Akçaabat
"Doğalgaz Kapıda, Deniz Manzara, Önü Kapanmaz",2200000,Trabzon / Ortahisar / Boztepe Mah.,16,2. Kat,120,https://www.hepsiemlak.com/trabzon-ortahisar-boztepe-satilik/daire/163477-83,2.0,Ortahisar
Deha Emlak`tan 3+1 Sıfır Ayarında Daire Yaylacık Mahallesi,5500000,Trabzon / Akçaabat / Yaylacık Mah.,8,3. Kat,140,https://www.hepsiemlak.com/trabzon-akcaabat-yaylacik-satilik/daire/110612-946,3.0,Akçaabat
Trabzon Kurtuluş Mahallesinde Numune Hastane Altında Satılık,2750000,Trabzon / Ortahisar / Kurtuluş Mah.,21,Giriş Katı,110,https://www.hepsiemlak.com/trabzon-ortahisar-kurtulus-satilik/daire/51410-1985,0.0,Ortahisar
Otel Konseptli Satılık Daireler I Garanti Kira Fırsatı,4650000,Trabzon / Arsin / Kuzguncuk Mah.,0,10. Kat,42,https://www.hepsiemlak.com/trabzon-arsin-kuzguncuk-satilik/daire/164963-341,10.0,Arsin
Turyap Trabzon-Yıldızlıda Satılık Kiracılı 2+1 Sıfır Daire,5750000,Trabzon / Akçaabat / Yıldızlı Mah.,0,5. Kat,90,https://www.hepsiemlak.com/trabzon-akcaabat-yildizli-satilik/daire/168939-165,5.0,Akçaabat
Trabzon Sanayi Mah.Eski Otogar Arkasında Satılık Komple Bina,15000000,Trabzon / Ortahisar / Sanayi Mah.,14,,420,https://www.hepsiemlak.com/trabzon-ortahisar-sanayi-satilik/bina/30414-5523,,Ortahisar
Aydınlıkevler Mahallesi Satılık 3+1 Daire,4450000,Trabzon / Ortahisar / Aydınlıkevler Mah.,23,5. Kat,130,https://www.hepsiemlak.com/trabzon-ortahisar-aydinlikevler-satilik/daire/132476-1092,5.0,Ortahisar
Trabzon Fatih Mah 3+1 İçi Yapılı Deniz Ve Park Manzaralı,3850000,Trabzon / Ortahisar / Fatih Mah.,36,2. Kat,152,https://www.hepsiemlak.com/trabzon-ortahisar-fatih-satilik/daire/121161-738,2.0,Ortahisar
Zgn Group | Fırsat Daire Satılık Sıfır 3+1 Erdoğdu Botanik Yanı,6200000,Trabzon / Ortahisar / 3 Nolu Erdoğdu Mah.,0,3. Kat,155,https://www.hepsiemlak.com/trabzon-ortahisar-3-nolu-erdogdu-satilik/daire/153813-75,3.0,Ortahisar
Akçaabat Yaylacık Mahallesi'Nde Satılık Yüksek Giriş Kat 2+1,3100000,Trabzon / Akçaabat / Yaylacık Mah.,11,Yüksek Giriş,80,https://www.hepsiemlak.com/trabzon-akcaabat-yaylacik-satilik/daire/118482-289,0.0,Akçaabat
Akoluk Da Taş Yapi Projeli Takaslı Villalık,2100000,Trabzon / Ortahisar / Akoluk Mah.,0,,774,https://www.hepsiemlak.com/trabzon-ortahisar-akoluk-satilik/villa/98527-168,,Ortahisar
Trabzon Gayrimenkulden Yüksek Kira Getirili Yatırım Fırsatı,5350000,Trabzon / Arsin / Kuzguncuk Mah.,0,5. Kat,60,https://www.hepsiemlak.com/trabzon-arsin-kuzguncuk-satilik/daire/164963-340,5.0,Arsin
Doğa İle İç İçe Emsalsiz Villa,18000000,Trabzon / Ortahisar / Uğurlu Mah.,6,Bahçe Katı,300,https://www.hepsiemlak.com/trabzon-ortahisar-ugurlu-satilik/villa/168939-157,0.0,Ortahisar
Deha Emlak'Tan Satılık 1 + 1 Yatırımlık Daire Yalıncak Mahallesi,3500000,Trabzon / Ortahisar / Yalıncak Mah.,0,4. Kat,45,https://www.hepsiemlak.com/trabzon-ortahisar-yalincak-satilik/daire/110612-945,4.0,Ortahisar
Trabzon 1. Nolu Bostancıda Satılık 3+1 Sıfır Lüks Daire,8100000,Trabzon / Ortahisar / 1 Nolu Bostancı Mah.,0,3. Kat,160,https://www.hepsiemlak.com/trabzon-ortahisar-1-nolu-bostanci-satilik/daire/30414-5826,3.0,Ortahisar
Akçaabat Çolaklı Mahallesinde Satılık 3+1 Daire,5400000,Trabzon / Akçaabat / Çolaklı Mah.,9,Ara Kat,130,https://www.hepsiemlak.com/trabzon-akcaabat-colakli-satilik/daire/0-46820821,3.0,Akçaabat
Yüksel Emlak Gyo'Dan Toklu Mahallesin'De Acil Satılık Daire,3750000,Trabzon / Ortahisar / Toklu Mah.,31,4. Kat,135,https://www.hepsiemlak.com/trabzon-ortahisar-toklu-satilik/daire/163981-48,4.0,Ortahisar
Boztepe Çukur Çayırda Satılık 4+1 185 Metre Kare Doğal Gazlı Çift Asansörlü Site İçi Lüxs Daire,6850000,Trabzon / Ortahisar / Boztepe Mah.,4,9. Kat,185,https://www.hepsiemlak.com/trabzon-ortahisar-boztepe-satilik/daire/125789-350,9.0,Ortahisar
Trabzon Yalıncakta Satılık Sıfır Manzaralı Daireler,7900000,Trabzon / Ortahisar / Yalıncak Mah.,0,5. Kat,160,https://www.hepsiemlak.com/trabzon-ortahisar-yalincak-satilik/daire/158797-108,5.0,Ortahisar
Kaşüstü Merkezde Yerden Isıtmalı Giyinme Odalı Sıfır 3+1 Daire,7800000,Trabzon / Yomra / Kaşüstü Mah.,0,8. Kat,150,https://www.hepsiemlak.com/trabzon-yomra-kasustu-satilik/daire/164963-327,8.0,Yomra
Kayabaşı Yaylası'Nda Tamamen Doğal Taş Ve Ahşap Malikane,7500000,Trabzon / Akçaabat / Işıklar Mah.,5,Bahçe Katı,250,https://www.hepsiemlak.com/trabzon-akcaabat-isiklar-satilik/villa/168939-151,0.0,Akçaabat
Vip Gayrimenkulden Kur'An Kursunda Fırsat Ferah 3+1 Daire,6100000,Trabzon / Ortahisar / Toklu Mah.,21,6. Kat,150,https://www.hepsiemlak.com/trabzon-ortahisar-toklu-satilik/daire/163440-337,6.0,Ortahisar
Trabzon Konaklar 2+1 Ve 1+1 Tek Tapu Daire...,4100000,Trabzon / Ortahisar / Konaklar Mah.,11,Yarı Bodrum,70,https://www.hepsiemlak.com/trabzon-ortahisar-konaklar-satilik/daire/163938-267,1.0,Ortahisar
"Trabzon 2 Nolu Beşirlide Satılık 4+1, 380 M2 Saray Gibi Daire",13500000,Trabzon / Ortahisar / 2 Nolu Beşirli Mah.,16,6. Kat,380,https://www.hepsiemlak.com/trabzon-ortahisar-2-nolu-besirli-satilik/daire/30414-5417,6.0,Ortahisar
Trabzon Yeşiltepe'De Satılık 3+1 Daire,4200000,Trabzon / Ortahisar / Yeşiltepe Mah.,11,3. Kat,140,https://www.hepsiemlak.com/trabzon-ortahisar-yesiltepe-satilik/daire/146372-185,3.0,Ortahisar
Çamlık'Ta Deniz Manzaralı 5+2 Ayrı Giriş Dublex,6500000,Trabzon / Ortahisar / Soğuksu Mah.,21,14. Kat,283,https://www.hepsiemlak.com/trabzon-ortahisar-soguksu-satilik/daire/163949-84,14.0,Ortahisar
Trabzon Trio Konutlarında Satılık Site İçinde 4+1 Daire,8950000,Trabzon / Ortahisar / Aydınlıkevler Mah.,16,1. Kat,220,https://www.hepsiemlak.com/trabzon-ortahisar-aydinlikevler-satilik/daire/154260-97,1.0,Ortahisar
Arsin Toki'De Satılık Yeni Daire,4000000,Trabzon / Arsin / Güzelyalı Mah.,1,Ara Kat,110,https://www.hepsiemlak.com/trabzon-arsin-guzelyali-satilik/daire/83736-939,3.0,Arsin
Yalıncak Kerimoğlu Sitesinde Satılık 4+1 Daire,7450000,Trabzon / Ortahisar / Yalıncak Mah.,6,1. Kat,200,https://www.hepsiemlak.com/trabzon-ortahisar-yalincak-satilik/daire/164963-317,1.0,Ortahisar
2 Nolu Beşirli Ustagül Sitesi'Nde 3+1 Satılık Daire,9250000,Trabzon / Ortahisar / 2 Nolu Beşirli Mah.,11,1. Kat,165,https://www.hepsiemlak.com/trabzon-ortahisar-2-nolu-besirli-satilik/daire/168939-144,1.0,Ortahisar
Fırsat Daire Sahibinden Satılık Merkezi Konum 2+1,3850000,Trabzon / Ortahisar / İnönü Mah.,30,5. Kat,125,https://www.hepsiemlak.com/trabzon-ortahisar-inonu-satilik/daire/0-46668518,5.0,Ortahisar
Vip Gayrimenkul'Den Karşıyaka Mahallesi'Nde Satılık Müstakil Ev,26000000,Trabzon / Ortahisar / Karşıyaka Mah.,2,Bahçe Katı,460,https://www.hepsiemlak.com/trabzon-ortahisar-karsiyaka-satilik/mustakil-ev/163440-336,0.0,Ortahisar
2 Nolu Beşirli Mah. Yakamoz Apt Satılık 4+1 Daire,6150000,Trabzon / Ortahisar / 2 Nolu Beşirli Mah.,16,1. Kat,210,https://www.hepsiemlak.com/trabzon-ortahisar-2-nolu-besirli-satilik/daire/163938-263,1.0,Ortahisar
Full Deniz Manzaralı Satılık Eşyalı Daire,6650000,Trabzon / Ortahisar / Çukurçayır Mah.,6,6. Kat,171,https://www.hepsiemlak.com/trabzon-ortahisar-cukurcayir-satilik/daire/163611-105,6.0,Ortahisar
Mbt Gayrimenkul Dolaylı'Da Manzaralı Eşyalı Fırsat Dubleks Villa,9990000,Trabzon / Ortahisar / Dolaylı Mah.,2,Bahçe Katı,190,https://www.hepsiemlak.com/trabzon-ortahisar-dolayli-satilik/villa/152779-138,0.0,Ortahisar
Türk Gyo'Dan Yaylacık'Da Deniz Manzaralı 3+1 Asansörlü Daire,4150000,Trabzon / Akçaabat / Yaylacık Mah.,21,8. Kat,145,https://www.hepsiemlak.com/trabzon-akcaabat-yaylacik-satilik/daire/90010-537,8.0,Akçaabat
Trabzon Gülbahar Hatun Mah.Tanjant Yolu Üzeri Daire,4650000,Trabzon / Ortahisar / Gülbaharhatun Mah.,35,7. Kat,145,https://www.hepsiemlak.com/trabzon-ortahisar-gulbaharhatun-satilik/daire/30414-5873,7.0,Ortahisar
Yomra Merkezde Satılık 3+1 - 170 M² Ferah Daire,4390000,Trabzon / Yomra / Sancak Mah.,6,1. Kat,170,https://www.hepsiemlak.com/trabzon-yomra-sancak-satilik/daire/164963-316,1.0,Yomra
Çukurçayır Ak Life Sitesi Masrafsız 3+1 Satılık Daire,5925000,Trabzon / Ortahisar / Çukurçayır Mah.,6,2. Kat,180,https://www.hepsiemlak.com/trabzon-ortahisar-cukurcayir-satilik/daire/168939-139,2.0,Ortahisar
Akçaabat'Ta Full Eşyalı 2 Balkonlu Denize Yakın Daire | Tekce,7150000,Trabzon / Akçaabat / Darıca Mah.,6,3. Kat,175,https://www.hepsiemlak.com/trabzon-akcaabat-darica-satilik/daire/1876-3396,3.0,Akçaabat
Dubleks Villa,8000000,Trabzon / Maçka / Ortaköy Mah.,4,,220,https://www.hepsiemlak.com/trabzon-macka-ortakoy-satilik/villa/0-46845058,,Maçka
Beşirlide Muhteşem Manzaralı Dubleks Daire,25250000,Trabzon / Ortahisar / 2 Nolu Beşirli Mah.,6,5. Kat,328,https://www.hepsiemlak.com/trabzon-ortahisar-2-nolu-besirli-satilik/daire/163611-91,5.0,Ortahisar
Ö Z G E N Ç'Ten Araklı Merkezde Satılık Sıfır 3+1 Daireler,4300000,Trabzon / Araklı / Merkez Mah.,0,2. Kat,140,https://www.hepsiemlak.com/trabzon-arakli-merkez-satilik/daire/162068-27,2.0,Araklı
Trabzon Da Özgün Mimari Ve Malikane Zarafetiyle Satılık Villa !,72500000,Trabzon / Ortahisar / 2 Nolu Beşirli Mah.,0,Bahçe Katı,610,https://www.hepsiemlak.com/trabzon-ortahisar-2-nolu-besirli-satilik/villa/164963-306,0.0,Ortahisar
Söğütlü Ak Towers Satılık 3+1 Daire,9375000,Trabzon / Akçaabat / Söğütlü Mah.,6,1. Kat,175,https://www.hepsiemlak.com/trabzon-akcaabat-sogutlu-satilik/daire/168939-136,1.0,Akçaabat
Deha Emlaktan Satılık 2 Tane Villa Akçaabat Özmersin,32000000,Trabzon / Akçaabat / Mersin Mah.,0,,1226,https://www.hepsiemlak.com/trabzon-akcaabat-mersin-satilik/villa/110612-963,,Akçaabat
Türk Gyo'Dan Yalıncak'Da Sıfır 2+1 5. Kat Siteiçi Daire,3550000,Trabzon / Ortahisar / Yalıncak Mah.,0,5. Kat,96,https://www.hepsiemlak.com/trabzon-ortahisar-yalincak-satilik/daire/90010-535,5.0,Ortahisar
Zgn Group |satılık Lüks 1+1 Sıfır Daire Konaklar Üstü Çilekli'De,3250000,Trabzon / Ortahisar / Çilekli Mah.,0,2. Kat,80,https://www.hepsiemlak.com/trabzon-ortahisar-cilekli-satilik/daire/153813-74,2.0,Ortahisar
Arsin Kuzguncukta Satılık 3+1 Deniz Manzaralı Fırsat Daire,5750000,Trabzon / Arsin / Kuzguncuk Mah.,1,8. Kat,165,https://www.hepsiemlak.com/trabzon-arsin-kuzguncuk-satilik/daire/163611-24,8.0,Arsin
Trabzon Kaşüstü Marine City'De Satılık 3+1 Lüks Daire,13500000,Trabzon / Yomra / Sancak Mah.,8,3. Kat,210,https://www.hepsiemlak.com/trabzon-yomra-sancak-satilik/daire/30414-5864,3.0,Yomra
Trabzon Gayrimenkulden Satılık 1+1 Eşyalı Daire,3050000,Trabzon / Ortahisar / Çukurçayır Mah.,2,8. Kat,60,https://www.hepsiemlak.com/trabzon-ortahisar-cukurcayir-satilik/daire/164963-305,8.0,Ortahisar
Vakfıkebir'De Panoramik Deniz Manzaralı 4+1 Satılık Daire,7700000,Trabzon / Vakfıkebir / Hacıköy Mah.,6,10. Kat,220,https://www.hepsiemlak.com/trabzon-vakfikebir-hacikoy-satilik/daire/168939-127,10.0,Vakfıkebir
Mbt Gayrimenkul Yomra Anayola Çok Yakın 2+1,3700000,Trabzon / Yomra / Namıkkemal Mah.,6,4. Kat,130,https://www.hepsiemlak.com/trabzon-yomra-namikkemal-satilik/daire/152779-153,4.0,Yomra
Deha Emlak'Tan Satılık 2+1 Daire Yıldızlı Tokide,5250000,Trabzon / Ortahisar / Yenicuma Mah.,13,4. Kat,130,https://www.hepsiemlak.com/trabzon-ortahisar-yenicuma-satilik/daire/110612-959,4.0,Ortahisar
Trabzon Araklı Satılık Konut,5450000,Trabzon / Araklı / Hürriyet Mah.,4,1. Kat,155,https://www.hepsiemlak.com/trabzon-arakli-hurriyet-satilik/daire/101004-10971,1.0,Araklı
Yomra Aquamarine'De Taşınmaya Hazır Sıfır 4+1 | Tekce,8150000,Trabzon / Yomra / Kaşüstü Mah.,1,8. Kat,215,https://www.hepsiemlak.com/trabzon-yomra-kasustu-satilik/daire/1876-3497,8.0,Yomra
Araklı Yolgörende Geniş Kullanım Alanlı Müstakil Tapulu 3+1 Ev,2625000,Trabzon / Araklı / Yolgören Mah.,15,Giriş Katı,120,https://www.hepsiemlak.com/trabzon-arakli-yolgoren-satilik/daire/0-46787419,0.0,Araklı
Yenicuma Mahallesi Satılık 1. Kat 135m2 3+1 Daire,2250000,Trabzon / Ortahisar / Yenicuma Mah.,25,1. Kat,140,https://www.hepsiemlak.com/trabzon-ortahisar-yenicuma-satilik/daire/153201-152,1.0,Ortahisar
Trabzon'Un İlk Akıllı Ev Sistemli Sitesinde Deniz Manzaralı 2+1,18000000,Trabzon / Ortahisar / Yalıncak Mah.,0,3. Kat,165,https://www.hepsiemlak.com/trabzon-ortahisar-yalincak-satilik/daire/62761-853,3.0,Ortahisar
Yıldızlı Toki De Satılık Daire,4500000,Trabzon / Akçaabat / Yıldızlı Mah.,20,5. Kat,120,https://www.hepsiemlak.com/trabzon-akcaabat-yildizli-satilik/daire/0-46865051,5.0,Akçaabat
Trabzon Gayrimenkulden Satılık 5+1 Dubleks Daire,7000000,Trabzon / Arsin / Güzelyalı Mah.,5,9. Kat,215,https://www.hepsiemlak.com/trabzon-arsin-guzelyali-satilik/daire/164963-304,9.0,Arsin
Kaşüstü Aquamarine Konutları 3+1 Satılık Daire,6150000,Trabzon / Yomra / Kaşüstü Mah.,5,12. Kat,165,https://www.hepsiemlak.com/trabzon-yomra-kasustu-satilik/daire/168939-124,12.0,Yomra
Trabzon Yalıncakta Sıfır 3+1 Satılık Fırsat Daire!!!,6500000,Trabzon / Ortahisar / Yalıncak Mah.,0,3. Kat,185,https://www.hepsiemlak.com/trabzon-ortahisar-yalincak-satilik/daire/158797-97,3.0,Ortahisar
Trabzon Araklı Satılık Konut,5750000,Trabzon / Araklı / Hürriyet Mah.,4,1. Kat,155,https://www.hepsiemlak.com/trabzon-arakli-hurriyet-satilik/daire/101004-10969,1.0,Araklı
Çukurçayır Vadi 24 Satılık 100m2 2+1 2. Kat Daire,4450000,Trabzon / Ortahisar / Çukurçayır Mah.,0,2. Kat,100,https://www.hepsiemlak.com/trabzon-ortahisar-cukurcayir-satilik/daire/153201-145,2.0,Ortahisar
Trabzon Gayrimenkulden Yalıncakta Satılık 4+1 Eşyalı Daire,9950000,Trabzon / Ortahisar / Yalıncak Mah.,5,11. Kat,192,https://www.hepsiemlak.com/trabzon-ortahisar-yalincak-satilik/daire/164963-303,11.0,Ortahisar
Yalıncak Teras Satılık Luks Daıre,18500000,Trabzon / Ortahisar / Yalıncak Mah.,6,4. Kat,220,https://www.hepsiemlak.com/trabzon-ortahisar-yalincak-satilik/daire/168939-122,4.0,Ortahisar
Trabzon Ortahisar Yeşiltepe Mahallesinde Satılık 3+1,3460000,Trabzon / Ortahisar / Yeşiltepe Mah.,16,2. Kat,117,https://www.hepsiemlak.com/trabzon-ortahisar-yesiltepe-satilik/daire/158797-82,2.0,Ortahisar
Acil !!!Soğuksu Evim Sitesi Satılık 4+2 Villa,10500000,Trabzon / Ortahisar / Soğuksu Mah.,21,Bahçe Katı,270,https://www.hepsiemlak.com/trabzon-ortahisar-soguksu-satilik/villa/163949-74,0.0,Ortahisar
Yeşiltepe Mah. Satılık 3+1 Geniş Ve Ferah Daire,3750000,Trabzon / Ortahisar / Yeşiltepe Mah.,16,2. Kat,140,https://www.hepsiemlak.com/trabzon-ortahisar-yesiltepe-satilik/daire/163938-282,2.0,Ortahisar
2 Nolu Beşirli Mahallesi'Nde Satılık 3+1 Bahçe Katı,4750000,Trabzon / Ortahisar / 2 Nolu Beşirli Mah.,3,Bahçe Katı,150,https://www.hepsiemlak.com/trabzon-ortahisar-2-nolu-besirli-satilik/daire/163440-296,0.0,Ortahisar
Deha Emlak`tan Satılık 3+1 Daire Yıldızlıda,2900000,Trabzon / Akçaabat / Yıldızlı Mah.,13,Giriş Katı,150,https://www.hepsiemlak.com/trabzon-akcaabat-yildizli-satilik/daire/110612-951,0.0,Akçaabat
Trabzon Gayrimenkulden My Doğa Sitesinde Satılık Eşyalı Daire,6550000,Trabzon / Yomra / Namıkkemal Mah.,6,5. Kat,174,https://www.hepsiemlak.com/trabzon-yomra-namikkemal-satilik/daire/164963-302,5.0,Yomra
Turyap'Tan Fırsat Kira Getirili 2+1 Satılık Daire,2450000,Trabzon / Ortahisar / 2 Nolu Erdoğdu Mah.,26,3. Kat,115,https://www.hepsiemlak.com/trabzon-ortahisar-2-nolu-erdogdu-satilik/daire/168939-114,3.0,Ortahisar
Trabzon Şehir Merkezi Yeni Valilik 3+1 Satılık Daire,3580000,Trabzon / Ortahisar / Hızırbey Mah.,26,3. Kat,170,https://www.hepsiemlak.com/trabzon-ortahisar-hizirbey-satilik/daire/158797-81,3.0,Ortahisar
Ziraat Bankası'Ndan Yeşilyurt Mahallesi'Nde Konut,8200000,Trabzon / Ortahisar / Yeşilyurt Mah.,2,Zemin,115,https://www.hepsiemlak.com/trabzon-ortahisar-yesilyurt-satilik/koy-evi/87791-278348,0.0,Ortahisar
Satılık Daire Yeşiltepe,4650000,Trabzon / Ortahisar / Yeşiltepe Mah.,10,2. Kat,140,https://www.hepsiemlak.com/trabzon-ortahisar-yesiltepe-satilik/daire/30414-5698,2.0,Ortahisar
Erdoğdu Da Satılık Dublex Daire,4250000,Trabzon / Ortahisar / Bahçecik Mah.,26,4. Kat,200,https://www.hepsiemlak.com/trabzon-ortahisar-bahcecik-satilik/daire/51410-1983,4.0,Ortahisar
Soğuksu Koruköy Villalarında Satılık Sıfır Yapım Villa,15000000,Trabzon / Ortahisar / Soğuksu Mah.,24,,340,https://www.hepsiemlak.com/trabzon-ortahisar-soguksu-satilik/villa/83736-934,,Ortahisar
Meydanda Gazipaşa Mah. Yüksek Kiraya Verilebilir,2650000,Trabzon / Ortahisar / Gazipaşa Mah.,26,2. Kat,110,https://www.hepsiemlak.com/trabzon-ortahisar-gazipasa-satilik/daire/163477-11,2.0,Ortahisar
"Akyazıda Manzaraya Hâkim, Modern Mimarili Sıfır İkiz Villalar!",16500000,Trabzon / Ortahisar / Akyazı Mah.,0,Bahçe Katı,350,https://www.hepsiemlak.com/trabzon-ortahisar-akyazi-satilik/villa/163938-280,0.0,Ortahisar
Vip Gayrimenkul'Den Beşirli Manzara Evleri'Nde Satılık 4+1 Daire,7200000,Trabzon / Ortahisar / 2 Nolu Beşirli Mah.,2,4. Kat,175,https://www.hepsiemlak.com/trabzon-ortahisar-2-nolu-besirli-satilik/daire/163440-292,4.0,Ortahisar
Trabzon Gayrimenkulden Yalıncak Altınşehirde Satılık 3+1 Daire,7450000,Trabzon / Ortahisar / Yalıncak Mah.,5,10. Kat,172,https://www.hepsiemlak.com/trabzon-ortahisar-yalincak-satilik/daire/164963-301,10.0,Ortahisar
1 Nolu Beşirli Barış Sitesi'Nde 3+1 Satılık Daire,6200000,Trabzon / Ortahisar / 1 Nolu Beşirli Mah.,11,6. Kat,155,https://www.hepsiemlak.com/trabzon-ortahisar-1-nolu-besirli-satilik/daire/168939-106,6.0,Ortahisar
İskenderpaşa Mahallesi Satılık 2+1 Çatı Katı Daire,2000000,Trabzon / Ortahisar / İskenderpaşa Mah.,30,4. Kat,75,https://www.hepsiemlak.com/trabzon-ortahisar-iskenderpasa-satilik/daire/132476-1095,4.0,Ortahisar
Sürmene Petekli De Satılık Müstakil Villa Ve Arazi,17500000,Trabzon / Sürmene / Petekli Mah.,3,,650,https://www.hepsiemlak.com/trabzon-surmene-petekli-satilik/villa/83736-709,,Sürmene
Trabzon Soğuksu'Da Eşsiz Manzaralı Daire,9750000,Trabzon / Ortahisar / Soğuksu Mah.,11,3. Kat,215,https://www.hepsiemlak.com/trabzon-ortahisar-soguksu-satilik/daire/163938-273,3.0,Ortahisar
Vıp Real Estate Arsin'De Fırsat Satılık 4 Kat 3+1 Daire,3500000,Trabzon / Arsin / Yalı Mah.,11,4. Kat,140,https://www.hepsiemlak.com/trabzon-arsin-yali-satilik/daire/163440-284,4.0,Arsin
Kaçmaz Emlak’Tan – Trabzon İnönü Mahallesinde Satılık 3+1 Daire,4600000,Trabzon / Ortahisar / İnönü Mah.,28,3. Kat,136,https://www.hepsiemlak.com/trabzon-ortahisar-inonu-satilik/daire/30414-5690,3.0,Ortahisar
Trabzon Yomra Sancak Prenspark Sitesi 3+1 Satılık Daire,5100000,Trabzon / Yomra / Sancak Mah.,6,4. Kat,155,https://www.hepsiemlak.com/trabzon-yomra-sancak-satilik/daire/164963-299,4.0,Yomra
Panoramik Deniz Manzaralı Kelepir Villa,11250000,Trabzon / Akçaabat / Akçakale Mah.,6,Bahçe Katı,205,https://www.hepsiemlak.com/trabzon-akcaabat-akcakale-satilik/villa/168939-103,0.0,Akçaabat
Trabzon Şehir Merkezi Yeni Valilik 3+1 Satılık Daire,3580000,Trabzon / Ortahisar / Hızırbey Mah.,26,3. Kat,170,https://www.hepsiemlak.com/trabzon-ortahisar-hizirbey-satilik/daire/158797-36,3.0,Ortahisar
Zgn Group |konaklar Üstü Çilekli'De Satılık Lüks 2+1 Sıfır Daire,4250000,Trabzon / Ortahisar / Çilekli Mah.,0,3. Kat,100,https://www.hepsiemlak.com/trabzon-ortahisar-cilekli-satilik/daire/153813-73,3.0,Ortahisar
Kaşüstü Merkezde Geniş Ferah Balkonlu Mutfak Ayrı 2+1,5450000,Trabzon / Yomra / Kaşüstü Mah.,11,9. Kat,125,https://www.hepsiemlak.com/trabzon-yomra-kasustu-satilik/daire/163611-89,9.0,Yomra
"Ortahisar, 1nolu Erdoğdu'Da Satılık Bahçeli Bina",27500000,Trabzon / Ortahisar / 1 Nolu Erdoğdu Mah.,35,,145,https://www.hepsiemlak.com/trabzon-ortahisar-1-nolu-erdogdu-satilik/bina/132476-1081,,Ortahisar
Erdoğdu Atakent Villalarında Satılık Müstakil Tamamen Yenilenmiş Villa,14000000,Trabzon / Ortahisar / 3 Nolu Erdoğdu Mah.,25,Villa Katı,275,https://www.hepsiemlak.com/trabzon-ortahisar-3-nolu-erdogdu-satilik/daire/83736-473,1.0,Ortahisar
Trabzon Düzköy Toki 2+1 Daire,2100000,Trabzon / Düzköy / Yeni Mah.,11,4. Kat,85,https://www.hepsiemlak.com/trabzon-duzkoy-yeni-satilik/daire/163938-272,4.0,Düzköy
Vıp Gayrimenkul'Den 2 Nolu Beşirli Mah.4+1 Satılık Daire,8250000,Trabzon / Ortahisar / 1 Nolu Beşirli Mah.,11,2. Kat,185,https://www.hepsiemlak.com/trabzon-ortahisar-1-nolu-besirli-satilik/daire/163440-282,2.0,Ortahisar
Turyap Trabzon- Akyaşam Rezidans' Da Satılık 3+1 Daire,8750000,Trabzon / Ortahisar / Çukurçayır Mah.,11,11. Kat,170,https://www.hepsiemlak.com/trabzon-ortahisar-cukurcayir-satilik/daire/168939-93,11.0,Ortahisar
Trabzon Yalıncak Real Trabzon 3+1 Satılık Masrafsız Daire,13830000,Trabzon / Ortahisar / Yalıncak Mah.,3,3. Kat,180,https://www.hepsiemlak.com/trabzon-ortahisar-yalincak-satilik/daire/164963-277,3.0,Ortahisar
Boztepe Modern Rezidans,9000000,Trabzon / Ortahisar / Çukurçayır Mah.,11,1. Kat,200,https://www.hepsiemlak.com/trabzon-ortahisar-cukurcayir-satilik/daire/0-46539462,1.0,Ortahisar
Satılık Dubleks Daire,8550000,Trabzon / Akçaabat / Söğütlü Mah.,13,En Üst Kat,220,https://www.hepsiemlak.com/trabzon-akcaabat-sogutlu-satilik/daire/87893-42,99.0,Akçaabat
Trabzon Çimenlide Satılık İkiz Villa,57000000,Trabzon / Ortahisar / Çimenli Mah.,10,,900,https://www.hepsiemlak.com/trabzon-ortahisar-cimenli-satilik/villa/0-46341444,,Ortahisar
1 Milyon Peşin İle Topraktan Satılık Daire Her Türlü Araç Takası Olur,3500000,Trabzon / Beşikdüzü / Çeşmeönü Mah.,0,1. Kat,110,https://www.hepsiemlak.com/trabzon-besikduzu-cesmeonu-satilik/daire/0-46194683,1.0,Beşikdüzü
Sahibinden - Deniz Manzaralı 1.125 M2 Arsa - 3 Katlı Müstakil Yaşam - Özel Mülk,25000000,Trabzon / Ortahisar / Uğurlu Mah.,0,,375,https://www.hepsiemlak.com/trabzon-ortahisar-ugurlu-satilik/mustakil-ev/0-46112560,,Ortahisar
Loft Park Resıdence Özel Yapım Eşyalı Satılık Daire Lüks Site,7400000,Trabzon / Yomra / Kaşüstü Mah.,3,5. Kat,176,https://www.hepsiemlak.com/trabzon-yomra-kasustu-satilik/daire/160419-7,5.0,Yomra
Çukurçayır Da Sahibinden Satılık Kiracısı İçinde 2+1 Daire,2795000,Trabzon / Ortahisar / Çukurçayır Mah.,4,Yüksek Giriş,85,https://www.hepsiemlak.com/trabzon-ortahisar-cukurcayir-satilik/daire/0-44654652,0.0,Ortahisar
Sahibinden Satılık Deniz Manzaralı Daire,5800000,Trabzon / Ortahisar / Çukurçayır Mah.,8,2. Kat,155,https://www.hepsiemlak.com/trabzon-ortahisar-cukurcayir-satilik/daire/0-38964254,2.0,Ortahisar
Zgn Group|satılık Fırsat Köşedaire 3+1sıfır Erdoğdu Botanik Yanı,6000000,Trabzon / Ortahisar / 3 Nolu Erdoğdu Mah.,0,1. Kat,155,https://www.hepsiemlak.com/trabzon-ortahisar-3-nolu-erdogdu-satilik/daire/153813-70,1.0,Ortahisar
Trabzon Cumhuriyet Mahallesinde Satılık Dubleks Daire,10000000,Trabzon / Ortahisar / Cumhuriyet Mah.,31,3. Kat,210,https://www.hepsiemlak.com/trabzon-ortahisar-cumhuriyet-satilik/daire/163611-53,3.0,Ortahisar
Next Real Estate Trabzon'Dan Merkezi Konumda 3+1 Daire,4225000,Trabzon / Ortahisar / Toklu Mah.,6,Giriş Katı,175,https://www.hepsiemlak.com/trabzon-ortahisar-toklu-satilik/daire/163938-248,0.0,Ortahisar
Vıp Gayrimenkul'Den 1 Nolu Beşirli Mah.4+1 Satılık Daire,8600000,Trabzon / Ortahisar / 1 Nolu Beşirli Mah.,11,2. Kat,185,https://www.hepsiemlak.com/trabzon-ortahisar-1-nolu-besirli-satilik/daire/163440-281,2.0,Ortahisar
Yalıncak Lotus Evlerde Satılık 3+1 Deniz Manzaralı Bahçe Katı,6550000,Trabzon / Ortahisar / Yalıncak Mah.,0,Bahçe Katı,185,https://www.hepsiemlak.com/trabzon-ortahisar-yalincak-satilik/daire/119640-3543,0.0,Ortahisar
Yalıncak Casa Marie Diamand Da Satılık Daire,6350000,Trabzon / Ortahisar / Yalıncak Mah.,0,3. Kat,180,https://www.hepsiemlak.com/trabzon-ortahisar-yalincak-satilik/daire/168939-85,3.0,Ortahisar
Beşirlinin Full Manzaralı Tek Dairesi,8700000,Trabzon / Ortahisar / 2 Nolu Beşirli Mah.,2,9. Kat,210,https://www.hepsiemlak.com/trabzon-ortahisar-2-nolu-besirli-satilik/daire/163440-272,9.0,Ortahisar
Yüksel Emlak Gyo'Dan Toklu Mahallesin 'De Satılık Daire,2750000,Trabzon / Ortahisar / Toklu Mah.,31,Çatı Katı,150,https://www.hepsiemlak.com/trabzon-ortahisar-toklu-satilik/daire/163981-41,99.0,Ortahisar
Çukurçayırda Satılık Sıfır Daire,5550000,Trabzon / Ortahisar / Çukurçayır Mah.,0,2. Kat,155,https://www.hepsiemlak.com/trabzon-ortahisar-cukurcayir-satilik/daire/163611-61,2.0,Ortahisar
Deniz Manzarasıyla Ayrıcalıklı Yaşam; Lüks 4+1 Resıdence Dairesi,11390000,Trabzon / Yomra / Kaşüstü Mah.,6,11. Kat,200,https://www.hepsiemlak.com/trabzon-yomra-kasustu-satilik/daire/168939-82,11.0,Yomra
Deha Emlaktan Satılık 1 + 1 Daire Yıldızlı Mahallesi Toki,1350000,Trabzon / Akçaabat / Yıldızlı Mah.,8,1. Kat,65,https://www.hepsiemlak.com/trabzon-akcaabat-yildizli-satilik/daire/110612-955,1.0,Akçaabat
Vıp Real'Denkorukent Villaların'Da Deniz Manzaralı Satılık Villa,13150000,Trabzon / Akçaabat / Mersin Mah.,16,Bahçe Katı,510,https://www.hepsiemlak.com/trabzon-akcaabat-mersin-satilik/villa/163440-270,0.0,Akçaabat
Trabzon Sürmene De Satılık Dublex Daire,10500000,Trabzon / Sürmene / Çamlıca Mah.,6,7. Kat,250,https://www.hepsiemlak.com/trabzon-surmene-camlica-satilik/daire/51410-1982,7.0,Sürmene
Çukurçayır Binbir Pırlantada Çok Geniş Satılık 2+1,5450000,Trabzon / Ortahisar / Çukurçayır Mah.,11,10. Kat,165,https://www.hepsiemlak.com/trabzon-ortahisar-cukurcayir-satilik/daire/163611-108,10.0,Ortahisar
Deha Emlaktan Satılık 1 + 1 Daire Yıldızlı Mahallesi Toki,1400000,Trabzon / Akçaabat / Yıldızlı Mah.,8,1. Kat,65,https://www.hepsiemlak.com/trabzon-akcaabat-yildizli-satilik/daire/110612-962,1.0,Akçaabat
Çukurçayır Ak Life 3 Sitesinde Masrafsız 3+1,5850000,Trabzon / Ortahisar / Çukurçayır Mah.,6,1. Kat,165,https://www.hepsiemlak.com/trabzon-ortahisar-cukurcayir-satilik/daire/163440-267,1.0,Ortahisar
386 M2 Arsada 6 Katlı Apartman {Meydana 1.5km]5 Daire 565m2 250m2 Depo Alanı,48000000,Trabzon / Ortahisar / Yalı Mah.,30,,155,https://www.hepsiemlak.com/trabzon-ortahisar-yali-satilik/bina/0-46792872,,Ortahisar
2 Aya Teslim Yatırımlık Daire..Yatırımcılar Açıklamayı Okuyun,12000000,Trabzon / Ortahisar / Yalıncak Mah.,0,11. Kat,192,https://www.hepsiemlak.com/trabzon-ortahisar-yalincak-satilik/daire/168939-66,11.0,Ortahisar
Mbt Gayrimenkul Yeni Cuma Satılık İçi Yeni Yapılı Masarfsız 2+1 Daire,2850000,Trabzon / Ortahisar / Yenicuma Mah.,29,3. Kat,100,https://www.hepsiemlak.com/trabzon-ortahisar-yenicuma-satilik/daire/152779-135,3.0,Ortahisar
Türk Gyo'Dan Yaylacık'Da Deniz Manzaralı Anahtar Teslim 3+1,7550000,Trabzon / Akçaabat / Yaylacık Mah.,0,6. Kat,147,https://www.hepsiemlak.com/trabzon-akcaabat-yaylacik-satilik/daire/90010-531,6.0,Akçaabat
"Çukurçayır Mah. Park Flora Gold Sit. İçi Özel Yapım, Eşyalı",7500000,Trabzon / Ortahisar / Çukurçayır Mah.,6,10. Kat,175,https://www.hepsiemlak.com/trabzon-ortahisar-cukurcayir-satilik/daire/163477-80,10.0,Ortahisar
Trabzon Pelitli Hayri Gür Salonu Yakınında Site İçerisinde 3+1 Deniz Manzaralı,5150000,Trabzon / Ortahisar / Pelitli Mah.,2,7. Kat,150,https://www.hepsiemlak.com/trabzon-ortahisar-pelitli-satilik/daire/121161-720,7.0,Ortahisar
Ö Z G E N Ç'Ten Araklı Otogar Karşısı Satılık 3+1 Daire,2150000,Trabzon / Araklı / Merkez Mah.,16,5. Kat,150,https://www.hepsiemlak.com/trabzon-arakli-merkez-satilik/daire/162068-7,5.0,Araklı
2 Nolu Beşirli De Yeni Kanunş Bulvarına Cephe Satılık Daire,7200000,Trabzon / Ortahisar / 2 Nolu Beşirli Mah.,11,3. Kat,160,https://www.hepsiemlak.com/trabzon-ortahisar-2-nolu-besirli-satilik/daire/51410-1979,3.0,Ortahisar
Söğütlüde Denize Yakın Şehir Manzaralı 5+2 | Tekce,17000000,Trabzon / Akçaabat / Söğütlü Mah.,11,8. Kat,300,https://www.hepsiemlak.com/trabzon-akcaabat-sogutlu-satilik/daire/1876-3495,8.0,Akçaabat
Söğütlü Kardelen Sitesinde Deniz Manzaralı 3+1 Satılık Daire,6500000,Trabzon / Akçaabat / Söğütlü Mah.,16,2. Kat,145,https://www.hepsiemlak.com/trabzon-akcaabat-sogutlu-satilik/daire/163440-265,2.0,Akçaabat
Karabina Gayrimenkul'Den Aydınlıkevler Tanjanta 200 Mt Satılık Giriş Kat,2925000,Trabzon / Ortahisar / Aydınlıkevler Mah.,10,Giriş Katı,195,https://www.hepsiemlak.com/trabzon-ortahisar-aydinlikevler-satilik/daire/42100-2159,0.0,Ortahisar
Aydınlık Evlerde 4+1 220 Metre Kare Full Deniz Manzaralı Site İçerisinde Satılık Lüks Daire..,8600000,Trabzon / Ortahisar / Aydınlıkevler Mah.,10,6. Kat,220,https://www.hepsiemlak.com/trabzon-ortahisar-aydinlikevler-satilik/daire/125789-142,6.0,Ortahisar
Trabzon'Un Kalbinde Geleceğin Merkezine Komşu Yatırım Fırsatı,12000000,Trabzon / Ortahisar / Akyazı Mah.,2,2. Kat,304,https://www.hepsiemlak.com/trabzon-ortahisar-akyazi-satilik/daire/168939-36,2.0,Ortahisar
"Çukurçayır , 1001 Pırlanta Vadisi, Geniş, Deniz Manzara, Eşyal",6700000,Trabzon / Ortahisar / Çukurçayır Mah.,6,2. Kat,210,https://www.hepsiemlak.com/trabzon-ortahisar-cukurcayir-satilik/daire/163477-73,2.0,Ortahisar
Mbt Gayrimenkul Satılık 3+1 Sıfır Daire,5950000,Trabzon / Ortahisar / Yeşilköy Mah.,6,8. Kat,135,https://www.hepsiemlak.com/trabzon-ortahisar-yesilkoy-satilik/daire/152779-129,8.0,Ortahisar
"Türk Gyo'Dan Sıfır 3+1 Deniz,Doğa,Şehir Manzaralı 147 M2 Daire",6550000,Trabzon / Akçaabat / Yaylacık Mah.,0,5. Kat,147,https://www.hepsiemlak.com/trabzon-akcaabat-yaylacik-satilik/daire/90010-509,5.0,Akçaabat
Yomra'Da Anayol Üzerinde Satılık 3+1 Daire,2750000,Trabzon / Yomra / Sancak Mah.,26,3. Kat,140,https://www.hepsiemlak.com/trabzon-yomra-sancak-satilik/daire/164963-338,3.0,Yomra
Borex'Den Trabzon Ortahisar Aydınlıkevler'De 110 M2 2+1 Doğalgazlı Satılık Daire,4250000,Trabzon / Ortahisar / Aydınlıkevler Mah.,12,3. Kat,110,https://www.hepsiemlak.com/trabzon-ortahisar-aydinlikevler-satilik/daire/109509-77,3.0,Ortahisar
"Trabzon Pelitli'De Deniz Manzaralı, Site İçinde 3+1 Lüks Daire, Havaalanına Yakın",5250000,Trabzon / Ortahisar / Pelitli Mah.,3,6. Kat,130,https://www.hepsiemlak.com/trabzon-ortahisar-pelitli-satilik/daire/121161-715,6.0,Ortahisar
Karşıyaka Mahallesinde Satılık Çatı Katı,4250000,Trabzon / Ortahisar / Karşıyaka Mah.,25,Çatı Katı,150,https://www.hepsiemlak.com/trabzon-ortahisar-karsiyaka-satilik/daire/132476-1083,99.0,Ortahisar
Mbt Gayrimenkul Söğütlü Mah.Satılık 3+1,5300000,Trabzon / Akçaabat / Söğütlü Mah.,11,10. Kat,140,https://www.hepsiemlak.com/trabzon-akcaabat-sogutlu-satilik/daire/152779-123,10.0,Akçaabat
"Bahçecik Bahçekent Sitesi, İçi Tamamen Yeniden Yapılı",5100000,Trabzon / Ortahisar / Bahçecik Mah.,16,6. Kat,150,https://www.hepsiemlak.com/trabzon-ortahisar-bahcecik-satilik/daire/163477-59,6.0,Ortahisar
Türk Gyo'Dan Söğütlü'De 2+1 Ve Teraslı Deniz Manzaralı Daire,2650000,Trabzon / Akçaabat / Söğütlü Mah.,21,7. Kat,130,https://www.hepsiemlak.com/trabzon-akcaabat-sogutlu-satilik/daire/90010-487,7.0,Akçaabat
Pelitli Afet Evlerinde Satılık 2+1 İçi Yapılı Fırsat Daire,2690000,Trabzon / Ortahisar / Pelitli Mah.,16,3. Kat,90,https://www.hepsiemlak.com/trabzon-ortahisar-pelitli-satilik/daire/164963-330,3.0,Ortahisar
Yalı Gayrimenkulden Üniversite Mahallesi Site İçi Sıfır 1+1 Daire,3600000,Trabzon / Ortahisar / Üniversite Mah.,0,3. Kat,55,https://www.hepsiemlak.com/trabzon-ortahisar-universite-satilik/daire/131919-510,3.0,Ortahisar
Sahibinden Satılık Daire,5800000,Trabzon / Yomra / Kaşüstü Mah.,4,9. Kat,150,https://www.hepsiemlak.com/trabzon-yomra-kasustu-satilik/daire/0-46619457,9.0,Yomra
Konakönü'Nde Yeni Yapıda Yatırımlık 3+1 Daire | Tekce,6900000,Trabzon / Araklı / Hürriyet Mah.,0,3. Kat,130,https://www.hepsiemlak.com/trabzon-arakli-hurriyet-satilik/daire/1876-3523,3.0,Araklı
Küçükler Gayrimenkulden Karşıyaka Da Satılık Dairemiz 3 Kattadır,3750000,Trabzon / Ortahisar / Karşıyaka Mah.,11,1. Kat,135,https://www.hepsiemlak.com/trabzon-ortahisar-karsiyaka-satilik/daire/51410-1969,1.0,Ortahisar
Deniz Manzaralı Fırsat Daire-Kaçırılmayacak Fiyat,5990000,Trabzon / Ortahisar / Çukurçayır Mah.,6,7. Kat,190,https://www.hepsiemlak.com/trabzon-ortahisar-cukurcayir-satilik/daire/168939-159,7.0,Ortahisar
Kaymaklıda Fırsat 3+1 Daire,3500000,Trabzon / Ortahisar / Kaymaklı Mah.,16,1. Kat,150,https://www.hepsiemlak.com/trabzon-ortahisar-kaymakli-satilik/daire/163938-275,1.0,Ortahisar
Zgn Group | Bahçecik'Te 3+1 Satılık Sıfır Daire,5500000,Trabzon / Ortahisar / Bahçecik Mah.,0,3. Kat,150,https://www.hepsiemlak.com/trabzon-ortahisar-bahcecik-satilik/daire/153813-64,3.0,Ortahisar
Mbt Gayrimenkul Satılık 3+1 Daire,3190000,Trabzon / Ortahisar / Kanuni Mah.,6,2. Kat,135,https://www.hepsiemlak.com/trabzon-ortahisar-kanuni-satilik/daire/152779-113,2.0,Ortahisar
"Konaklar Mh. İçi Yapılı, Önü Kapanmaz Deniz Manzara, Demet Evler",4900000,Trabzon / Ortahisar / Konaklar Mah.,16,5. Kat,145,https://www.hepsiemlak.com/trabzon-ortahisar-konaklar-satilik/daire/163477-49,5.0,Ortahisar
Pelitlide Çok Merkezi Konumda Satılık 3+1 Daire,5450000,Trabzon / Ortahisar / Pelitli Mah.,6,4. Kat,150,https://www.hepsiemlak.com/trabzon-ortahisar-pelitli-satilik/daire/164963-319,4.0,Ortahisar
Türk Gyo'Dan Söğütlüde 17 Bin Tl Kira Getirili 2+1 Eşyalı Daire,3000000,Trabzon / Akçaabat / Söğütlü Mah.,6,Giriş Katı,95,https://www.hepsiemlak.com/trabzon-akcaabat-sogutlu-satilik/daire/90010-506,0.0,Akçaabat
Yalı Gayrimenkulden Beşirli'De Manzaralı Satılık Sıfır 3+1 Daireler,5750000,Trabzon / Ortahisar / 2 Nolu Beşirli Mah.,0,2. Kat,155,https://www.hepsiemlak.com/trabzon-ortahisar-2-nolu-besirli-satilik/daire/131919-502,2.0,Ortahisar
Beşikdüzü'Nde Ana Yola Yakın Deniz Manzaralı 3+1 Daire | Tekce,4550000,Trabzon / Beşikdüzü / Adacık Mah.,1,Bahçe Katı,121,https://www.hepsiemlak.com/trabzon-besikduzu-adacik-satilik/daire/1876-3409,0.0,Beşikdüzü
Trabzon 1 Nolu Beşırlı Mozaik Sitesi 3+1 Satılık Daire ...,7850000,Trabzon / Ortahisar / 1 Nolu Beşirli Mah.,6,2. Kat,180,https://www.hepsiemlak.com/trabzon-ortahisar-1-nolu-besirli-satilik/daire/163938-265,2.0,Ortahisar
Acill Satılık 5+1 Dubleks(Eşyasız Olarak Verilecektir),6950000,Trabzon / Ortahisar / Çukurçayır Mah.,6,11. Kat,420,https://www.hepsiemlak.com/trabzon-ortahisar-cukurcayir-satilik/daire/152779-108,11.0,Ortahisar
Zgn Group | Arsin Dedekent'Te Satılık 3+1 Lüks Daire,4950000,Trabzon / Arsin / Fatih Mah.,6,12. Kat,150,https://www.hepsiemlak.com/trabzon-arsin-fatih-satilik/daire/153813-50,12.0,Arsin
Boztepe Modern Rezidans Satılık 10.Kat Ful Eşyalı 1+1 60m2 Daire,4500000,Trabzon / Ortahisar / Çukurçayır Mah.,10,10. Kat,60,https://www.hepsiemlak.com/trabzon-ortahisar-cukurcayir-satilik/daire/153201-136,10.0,Ortahisar
Trabzon Yomra İkisu'Da Doğa İçinde Satılık Bungalov,18900000,Trabzon / Yomra / İkisu Mah.,2,Bahçe Katı,80,https://www.hepsiemlak.com/trabzon-yomra-ikisu-satilik/mustakil-ev/129420-1577,0.0,Yomra
Trabzon Kaşüstü Akasya 2 Sitesinde 3+1 Geniş Daire,7950000,Trabzon / Yomra / Kaşüstü Mah.,11,1. Kat,180,https://www.hepsiemlak.com/trabzon-yomra-kasustu-satilik/daire/121161-700,1.0,Yomra
Boztepe'De 5+2 260 Metrekare Site İçinde Mükemmel Deniz Ve Şehir Manzaralı Ferah Geniş Satılık Daire,7000000,Trabzon / Ortahisar / Boztepe Mah.,11,Çatı Katı,265,https://www.hepsiemlak.com/trabzon-ortahisar-boztepe-satilik/daire/125789-227,99.0,Ortahisar
Çiçek Sitesinde Satılık 3+1 Sıfır Daire,5750000,Trabzon / Ortahisar / 2 Nolu Beşirli Mah.,0,1. Kat,165,https://www.hepsiemlak.com/trabzon-ortahisar-2-nolu-besirli-satilik/daire/163938-243,1.0,Ortahisar
Küçükler Gayrimenkulden 10 Yıllık Binada Satılık Daire,5300000,Trabzon / Ortahisar / Karşıyaka Mah.,6,1. Kat,180,https://www.hepsiemlak.com/trabzon-ortahisar-karsiyaka-satilik/daire/51410-1964,1.0,Ortahisar
Söğütlü'De Elit Sitede Taşınmaya Hazır 4+1 Daire | Tekce,12000000,Trabzon / Akçaabat / Söğütlü Mah.,11,2. Kat,210,https://www.hepsiemlak.com/trabzon-akcaabat-sogutlu-satilik/daire/1876-3496,2.0,Akçaabat
Trabzon-Çukurçayır'Da Projeden Satılık Daire,5500000,Trabzon / Ortahisar / Çukurçayır Mah.,0,3. Kat,120,https://www.hepsiemlak.com/trabzon-ortahisar-cukurcayir-satilik/daire/163611-97,3.0,Ortahisar
Mbt Gayrimenkul Acill Satılık 3+1,5500000,Trabzon / Ortahisar / Çukurçayır Mah.,6,6. Kat,170,https://www.hepsiemlak.com/trabzon-ortahisar-cukurcayir-satilik/daire/152779-103,6.0,Ortahisar
Alisa Grup'Tan Trabzon'Da 3+1 130m2 Daire,3400000,Trabzon / Dernekpazarı / Kondu Mah.,6,4. Kat,130,https://www.hepsiemlak.com/trabzon-dernekpazari-kondu-satilik/daire/164515-38,4.0,Dernekpazarı
Bahçecik Tokinin En Güzel 3+1 İ,5450000,Trabzon / Ortahisar / Bahçecik Mah.,6,7. Kat,175,https://www.hepsiemlak.com/trabzon-ortahisar-bahcecik-satilik/daire/163938-236,7.0,Ortahisar
Trabzon Yalıncak'Ta Deniz Manzaralı 2+1 Satılık Daireler,5000000,Trabzon / Ortahisar / Yalıncak Mah.,0,4. Kat,115,https://www.hepsiemlak.com/trabzon-ortahisar-yalincak-satilik/daire/158797-54,4.0,Ortahisar
Çukurçayır Ak City-2 Satılık 3+1,6000000,Trabzon / Ortahisar / Çukurçayır Mah.,11,3. Kat,165,https://www.hepsiemlak.com/trabzon-ortahisar-cukurcayir-satilik/daire/163611-94,3.0,Ortahisar
Mbt Gayrimenkul Masrafsız İçi Yeni Yapılı Satılık 3+1,4700000,Trabzon / Ortahisar / Boztepe Mah.,6,1. Kat,145,https://www.hepsiemlak.com/trabzon-ortahisar-boztepe-satilik/daire/152779-70,1.0,Ortahisar
Yüksel Emlak Gyo'Dan 1 Nolu Erdoğdu Mahallesin 'De Satılık Daire,3500000,Trabzon / Ortahisar / 1 Nolu Erdoğdu Mah.,31,2. Kat,135,https://www.hepsiemlak.com/trabzon-ortahisar-1-nolu-erdogdu-satilik/daire/163981-46,2.0,Ortahisar
Araklı'Da Taşınmaya Hazır Giriş Kat 2+1 Daire | Tekce,3300000,Trabzon / Araklı / Kalecik Mah.,6,1. Kat,120,https://www.hepsiemlak.com/trabzon-arakli-kalecik-satilik/daire/1876-3524,1.0,Araklı
Asil Gayrimenkulden Erdoğdu Mah. Satılık Çekme Kat,2950000,Trabzon / Ortahisar / 1 Nolu Erdoğdu Mah.,30,4. Kat,143,https://www.hepsiemlak.com/trabzon-ortahisar-1-nolu-erdogdu-satilik/daire/58878-1034,4.0,Ortahisar
Vip Gayrimenkul'Den Yenicuma'Da Satılık 2+1 Daire,3000000,Trabzon / Ortahisar / Yenicuma Mah.,31,5. Kat,100,https://www.hepsiemlak.com/trabzon-ortahisar-yenicuma-satilik/daire/163440-289,5.0,Ortahisar
Yıldızlı Star Konutları Geniş Ferah Satılık Daire,7275000,Trabzon / Akçaabat / Yıldızlı Mah.,2,2. Kat,175,https://www.hepsiemlak.com/trabzon-akcaabat-yildizli-satilik/daire/163611-70,2.0,Akçaabat
Araklı Konakönü Full Deniz Manzaralı 3+1 Sıfır,9500000,Trabzon / Araklı / Kalecik Mah.,0,9. Kat,170,https://www.hepsiemlak.com/trabzon-arakli-kalecik-satilik/daire/152779-63,9.0,Araklı
Aydınlıkevler'De Satılık 3+1 Daire,8700000,Trabzon / Ortahisar / Aydınlıkevler Mah.,11,7. Kat,170,https://www.hepsiemlak.com/trabzon-ortahisar-aydinlikevler-satilik/daire/168939-143,7.0,Ortahisar
"Trabzon Yomra Sancak'Ta Deniz Manzaralı, Site İçinde 3+1 Lüks Sıfır Daire 170 M²",13250000,Trabzon / Yomra / Sancak Mah.,5,11. Kat,170,https://www.hepsiemlak.com/trabzon-yomra-sancak-satilik/daire/121161-713,11.0,Yomra
Araklı Kalecik'Te Doğa Ve Deniz Manzaralı Eşyalı Daire | Tekce,4600000,Trabzon / Araklı / Kalecik Mah.,3,4. Kat,140,https://www.hepsiemlak.com/trabzon-arakli-kalecik-satilik/daire/1876-3282,4.0,Araklı
Vıp Gayrimenkul'Den Yeni Cuma'Da 4+1 Satılık Daire,4500000,Trabzon / Ortahisar / Yenicuma Mah.,16,3. Kat,180,https://www.hepsiemlak.com/trabzon-ortahisar-yenicuma-satilik/daire/163440-266,3.0,Ortahisar
Fiyat Düştü Yalıncak Casa Marıe Satılık Sıfır 2+1 Eşyalı,3600000,Trabzon / Ortahisar / Yalıncak Mah.,4,4. Kat,100,https://www.hepsiemlak.com/trabzon-ortahisar-yalincak-satilik/daire/152779-50,4.0,Ortahisar
Yeşiltepe'De Merkezi Konumda 3+1 Fırsat Daire,4850000,Trabzon / Ortahisar / Yeşiltepe Mah.,21,4. Kat,170,https://www.hepsiemlak.com/trabzon-ortahisar-yesiltepe-satilik/daire/168939-105,4.0,Ortahisar
Asil Gayrimenkulden Gazipaşa'Da Meydana Yakın Satılık Daire,2900000,Trabzon / Ortahisar / Gazipaşa Mah.,30,3. Kat,108,https://www.hepsiemlak.com/trabzon-ortahisar-gazipasa-satilik/daire/58878-1030,3.0,Ortahisar
Trabzon 1 Nolu Erdoğdu Fırsat 2+1 Satılık Daire,1750000,Trabzon / Ortahisar / 1 Nolu Erdoğdu Mah.,26,2. Kat,120,https://www.hepsiemlak.com/trabzon-ortahisar-1-nolu-erdogdu-satilik/daire/164963-334,2.0,Ortahisar
Deliklitaş İpekyolu Sanayii Karşısında Satılık Dubleks Daire,3775000,Trabzon / Ortahisar / Sanayi Mah.,16,4. Kat,190,https://www.hepsiemlak.com/trabzon-ortahisar-sanayi-satilik/daire/168939-84,4.0,Ortahisar
Vıp Gayrimenkul'Den Pelitlide Satılık Daire,6350000,Trabzon / Ortahisar / Pelitli Mah.,5,4. Kat,165,https://www.hepsiemlak.com/trabzon-ortahisar-pelitli-satilik/daire/163440-280,4.0,Ortahisar
Trabzon Gayrimenkulden Kaşüstü Delmar Sitesinde Satılık Daire,6550000,Trabzon / Yomra / Kaşüstü Mah.,6,3. Kat,180,https://www.hepsiemlak.com/trabzon-yomra-kasustu-satilik/daire/164963-333,3.0,Yomra
"Aydınlıkevler Mah. Kanuni Bulvarı Yolu Üzerinde, Şehr-İ Palece",7400000,Trabzon / Ortahisar / Aydınlıkevler Mah.,0,1. Kat,170,https://www.hepsiemlak.com/trabzon-ortahisar-aydinlikevler-satilik/daire/163477-79,1.0,Ortahisar
Mbt Gayrimenkul Acill Satılık 3+1,4900000,Trabzon / Ortahisar / Yeşilköy Mah.,6,4. Kat,135,https://www.hepsiemlak.com/trabzon-ortahisar-yesilkoy-satilik/daire/152779-122,4.0,Ortahisar
Yalıncak Nadir Bahçe Konaklarında Satılık Özel Dubleks Daire,27500000,Trabzon / Ortahisar / Yalıncak Mah.,6,Bahçe Katı,250,https://www.hepsiemlak.com/trabzon-ortahisar-yalincak-satilik/daire/164963-326,0.0,Ortahisar
Deha Emlaktan Satılık 2+1 Daire Yaylacıkta,3900000,Trabzon / Akçaabat / Yaylacık Mah.,8,Giriş Katı,140,https://www.hepsiemlak.com/trabzon-akcaabat-yaylacik-satilik/daire/110612-917,0.0,Akçaabat
Konaklarda Yatırımlık Fırsat Daire,3075000,Trabzon / Ortahisar / Kanuni Mah.,1,1. Kat,55,https://www.hepsiemlak.com/trabzon-ortahisar-kanuni-satilik/daire/163611-113,1.0,Ortahisar
"Sahilde, Ayrı Girişli, Bitişik Tripleks Villa Deniz Manzara",19500000,Trabzon / Akçaabat / Mersin Mah.,6,Bahçe Katı,100,https://www.hepsiemlak.com/trabzon-akcaabat-mersin-satilik/villa/163477-69,0.0,Akçaabat
Yomra Merkezde Satılık 3+1 - 170 M² Ferah Daire,4400000,Trabzon / Yomra / Sancak Mah.,6,1. Kat,170,https://www.hepsiemlak.com/trabzon-yomra-sancak-satilik/daire/164963-297,1.0,Yomra
Trabzon Ortahisar Boztepede Sahibinden Satılık Bina,2600000,Trabzon / Ortahisar / Boztepe Mah.,49,,163,https://www.hepsiemlak.com/trabzon-ortahisar-boztepe-satilik/bina/0-40868339,,Ortahisar
2 No'Lu Beşirli Güneş Apt. Satılık 3+1 Daire,6000000,Trabzon / Ortahisar / 2 Nolu Beşirli Mah.,0,2. Kat,150,https://www.hepsiemlak.com/trabzon-ortahisar-2-nolu-besirli-satilik/daire/163938-245,2.0,Ortahisar
"İnönü Mah. 2 Ayrı Daire, Tek Tapu, Fatih Hast. Önü",4750000,Trabzon / Ortahisar / İnönü Mah.,11,3. Kat,250,https://www.hepsiemlak.com/trabzon-ortahisar-inonu-satilik/daire/163477-57,3.0,Ortahisar
Mbt Gayrimenkul Satılık 3+1 Daire,3450000,Trabzon / Ortahisar / Kanuni Mah.,6,1. Kat,135,https://www.hepsiemlak.com/trabzon-ortahisar-kanuni-satilik/daire/152779-132,1.0,Ortahisar
Atasoy Üniversite Mahallesinde 3+1 Manzaralı Daire,6375000,Trabzon / Ortahisar / Üniversite Mah.,6,5. Kat,180,https://www.hepsiemlak.com/trabzon-ortahisar-universite-satilik/daire/164963-291,5.0,Ortahisar
Küçükler Gayrimenkulden 1nolu Erdoğdu Da Satılık Fırsat Daire,3000000,Trabzon / Ortahisar / 1 Nolu Erdoğdu Mah.,16,4. Kat,120,https://www.hepsiemlak.com/trabzon-ortahisar-1-nolu-erdogdu-satilik/daire/51410-1961,4.0,Ortahisar
Merkezi Konumda Uygun Fiyatlı Daire,1600000,Trabzon / Ortahisar / Karşıyaka Mah.,21,Yarı Bodrum,75,https://www.hepsiemlak.com/trabzon-ortahisar-karsiyaka-satilik/daire/163938-231,1.0,Ortahisar
Söğütlü Ak Towers'Ta Satılık 4+1 Özel Yapım Daire,13400000,Trabzon / Akçaabat / Söğütlü Mah.,6,14. Kat,220,https://www.hepsiemlak.com/trabzon-akcaabat-sogutlu-satilik/daire/164963-281,14.0,Akçaabat
Trabzon Boztepe Çukurçayır Da Satılık Daire,2875000,Trabzon / Ortahisar / Çukurçayır Mah.,6,Giriş Katı,80,https://www.hepsiemlak.com/trabzon-ortahisar-cukurcayir-satilik/daire/163938-229,0.0,Ortahisar
Beşirlide Sahibinden Satılık 3+1 Daire,4950000,Trabzon / Ortahisar / 1 Nolu Beşirli Mah.,10,1. Kat,140,https://www.hepsiemlak.com/trabzon-ortahisar-1-nolu-besirli-satilik/daire/0-46658509,1.0,Ortahisar
Yenicuma Mah. Masrafsız Deniz Manzaralı 2+1 Satılık Daire,2975000,Trabzon / Ortahisar / Yenicuma Mah.,21,4. Kat,130,https://www.hepsiemlak.com/trabzon-ortahisar-yenicuma-satilik/daire/168939-155,4.0,Ortahisar
Trabzon 1 Nolu Erdoğdu 2+1 Merkezi Konum Satılık Daire,2365000,Trabzon / Ortahisar / 1 Nolu Erdoğdu Mah.,31,Yarı Bodrum,105,https://www.hepsiemlak.com/trabzon-ortahisar-1-nolu-erdogdu-satilik/daire/164963-271,1.0,Ortahisar
Vip Gayrimenkul'Den 2 Nolu Beşirlide Ferah Giriş Katı,4000000,Trabzon / Ortahisar / 2 Nolu Beşirli Mah.,16,Bahçe Katı,150,https://www.hepsiemlak.com/trabzon-ortahisar-2-nolu-besirli-satilik/daire/163440-300,0.0,Ortahisar
Çukurçayırda Muhteşem Lokasyon Satılık 3+1 Daire Ak Lıfe 5,7700000,Trabzon / Ortahisar / Çukurçayır Mah.,0,4. Kat,185,https://www.hepsiemlak.com/trabzon-ortahisar-cukurcayir-satilik/daire/163938-228,4.0,Ortahisar
Trabzon Beşikdüzü'Nde Topraktan Satılık Daireler,3500000,Trabzon / Beşikdüzü / Çeşmeönü Mah.,0,1. Kat,110,https://www.hepsiemlak.com/trabzon-besikduzu-cesmeonu-satilik/daire/30414-5880,1.0,Beşikdüzü
Trabzon-Çukurçayır' Da Satılık Daire,6750000,Trabzon / Ortahisar / Çukurçayır Mah.,0,1. Kat,160,https://www.hepsiemlak.com/trabzon-ortahisar-cukurcayir-satilik/daire/163611-101,1.0,Ortahisar
Kemerkaya Mah. 3+1 Satılık Daire,7000000,Trabzon / Ortahisar / Kemerkaya Mah.,11,3. Kat,150,https://www.hepsiemlak.com/trabzon-ortahisar-kemerkaya-satilik/daire/168939-108,3.0,Ortahisar
Bostancı'Da Satılık Deniz Manzaralı 1+1 Daire,3600000,Trabzon / Ortahisar / 1 Nolu Bostancı Mah.,0,6. Kat,55,https://www.hepsiemlak.com/trabzon-ortahisar-1-nolu-bostanci-satilik/daire/164963-261,6.0,Ortahisar
Asil Gayrimenkulden 1 Nolu Beşirli Satılık Daire,5750000,Trabzon / Ortahisar / 1 Nolu Beşirli Mah.,15,6. Kat,160,https://www.hepsiemlak.com/trabzon-ortahisar-1-nolu-besirli-satilik/daire/58878-997,6.0,Ortahisar
Vip Real Estate Den Kaymaklıda Fırsat 3+1 Daire,2600000,Trabzon / Ortahisar / Kaymaklı Mah.,26,3. Kat,130,https://www.hepsiemlak.com/trabzon-ortahisar-kaymakli-satilik/daire/163440-263,3.0,Ortahisar
Söğütlü'De Merkezi Konumda Satılık 3+1 Daire,5150000,Trabzon / Akçaabat / Söğütlü Mah.,11,2. Kat,145,https://www.hepsiemlak.com/trabzon-akcaabat-sogutlu-satilik/daire/163938-226,2.0,Akçaabat
Bahçecik Satılık Daireler 3+1 2+1 1+1,5500000,Trabzon / Ortahisar / Bahçecik Mah.,0,7. Kat,155,https://www.hepsiemlak.com/trabzon-ortahisar-bahcecik-satilik/daire/163611-92,7.0,Ortahisar
Deha Emlak`tan Satılık Eşyalı 1+1 Daire Armada Rezidans,7100000,Trabzon / Akçaabat / Yıldızlı Mah.,8,Bahçe Katı,90,https://www.hepsiemlak.com/trabzon-akcaabat-yildizli-satilik/daire/110612-933,0.0,Akçaabat
Yüksel Emlak Gyo'Da Akcaabat Dürbinar Mah. Satılık Bina Ve Arsa,5000000,Trabzon / Akçaabat / Dürbinar Mah.,31,Bahçe Katı,150,https://www.hepsiemlak.com/trabzon-akcaabat-durbinar-satilik/mustakil-ev/163981-47,0.0,Akçaabat
Yomra Tuğra Sitesi 5+1 Satılık Dubleks Daire,8200000,Trabzon / Yomra / Sancak Mah.,11,8. Kat,350,https://www.hepsiemlak.com/trabzon-yomra-sancak-satilik/daire/168939-107,8.0,Yomra
Bostancıda Satılık 2+1 Daire,4490000,Trabzon / Ortahisar / 1 Nolu Bostancı Mah.,0,1. Kat,90,https://www.hepsiemlak.com/trabzon-ortahisar-1-nolu-bostanci-satilik/daire/164963-260,1.0,Ortahisar
Atakent'Te 220 Metrekare Ferah Yaşam Alanı,7600000,Trabzon / Ortahisar / Soğuksu Mah.,31,5. Kat,240,https://www.hepsiemlak.com/trabzon-ortahisar-soguksu-satilik/daire/163938-225,5.0,Ortahisar
Gazipaşa Mahallesi'Nde Satılık 7+2 Dubleks Daire,7200000,Trabzon / Ortahisar / Gazipaşa Mah.,16,3. Kat,370,https://www.hepsiemlak.com/trabzon-ortahisar-gazipasa-satilik/daire/163440-260,3.0,Ortahisar
Yomra Sancak Mahallesi Ana Yola Çok Yakın Deniz Manzaralı Site İçi 3+1 Satılık Daire,4600000,Trabzon / Yomra / Sancak Mah.,15,6. Kat,170,https://www.hepsiemlak.com/trabzon-yomra-sancak-satilik/daire/30414-5853,6.0,Yomra
Full Eşya Ve Donanımlı Villa Çiftlik Geniş Düzenli Arazi Satılık,25000000,Trabzon / Ortahisar / Düzyurt Mah.,6,Bahçe Katı,345,https://www.hepsiemlak.com/trabzon-ortahisar-duzyurt-satilik/villa/163611-88,0.0,Ortahisar
Pelitli Havaalanı Karşısı 3+1 Deniz Manzaralı Sıfır Daire,6250000,Trabzon / Ortahisar / Yeşilköy Mah.,5,En Üst Kat,155,https://www.hepsiemlak.com/trabzon-ortahisar-yesilkoy-satilik/daire/152779-58,99.0,Ortahisar
Deha Emlaktan Satılık 2+1 Daire Kavaklı,3300000,Trabzon / Akçaabat / Kavaklı Mah.,13,6. Kat,115,https://www.hepsiemlak.com/trabzon-akcaabat-kavakli-satilik/daire/110612-925,6.0,Akçaabat
Trabzon Yenicuma Merkez 2+1 Satılık Daire,2500000,Trabzon / Ortahisar / Yenicuma Mah.,16,Yüksek Giriş,100,https://www.hepsiemlak.com/trabzon-ortahisar-yenicuma-satilik/daire/164963-227,0.0,Ortahisar
Ramada Otel Yanı Sahibinden,7750000,Trabzon / Ortahisar / Yalıncak Mah.,7,2. Kat,140,https://www.hepsiemlak.com/trabzon-ortahisar-yalincak-satilik/daire/0-46468366,2.0,Ortahisar
Sahibinden Satılık Sıfır Ekstralı Daire,7650000,Trabzon / Of / İrfanlı Mah.,1,7. Kat,170,https://www.hepsiemlak.com/trabzon-of-irfanli-satilik/daire/0-44766160,7.0,Of
Yaylacık Mahallesi Gül Vadi Sitesinde Satılık 3+1 Amerikan Mutfa,3100000,Trabzon / Akçaabat / Yaylacık Mah.,11,Zemin,125,https://www.hepsiemlak.com/trabzon-akcaabat-yaylacik-satilik/daire/118482-303,0.0,Akçaabat
Asil Gayrimenkulden Yeşiltepe Mah. Satılık Daire,2750000,Trabzon / Ortahisar / Yeşiltepe Mah.,25,2. Kat,145,https://www.hepsiemlak.com/trabzon-ortahisar-yesiltepe-satilik/daire/58878-1020,2.0,Ortahisar
Vip Real Estate Den Burak Sitesinde 3+1 6. Kat Daire,3950000,Trabzon / Ortahisar / Bahçecik Mah.,16,6. Kat,150,https://www.hepsiemlak.com/trabzon-ortahisar-bahcecik-satilik/daire/163440-252,6.0,Ortahisar
Yıldızlı Orga Sitesinde Satılık 2+1 Daire,3475000,Trabzon / Akçaabat / Yıldızlı Mah.,31,3. Kat,105,https://www.hepsiemlak.com/trabzon-akcaabat-yildizli-satilik/daire/163938-219,3.0,Akçaabat
Ganita Karşısı Kaçırılmayacak Fırsat Satılık Daire,4850000,Trabzon / Ortahisar / İskenderpaşa Mah.,26,3. Kat,150,https://www.hepsiemlak.com/trabzon-ortahisar-iskenderpasa-satilik/daire/163611-85,3.0,Ortahisar
Zgn Group | 3 Nolu Erdoğdu'Da Satılık Dubleks Daire,4500000,Trabzon / Ortahisar / 3 Nolu Erdoğdu Mah.,26,3. Kat,160,https://www.hepsiemlak.com/trabzon-ortahisar-3-nolu-erdogdu-satilik/daire/153813-68,3.0,Ortahisar
Yomra Sancak Mahallesi Sana Köprüsü'Ne Çok Yakın Site İçi Satılık 3+1 Daire,4250000,Trabzon / Yomra / Sancak Mah.,15,3. Kat,170,https://www.hepsiemlak.com/trabzon-yomra-sancak-satilik/daire/30414-5854,3.0,Yomra
Caddedoğu Resıdence Emsalsız Daıre,16000000,Trabzon / Ortahisar / Yalıncak Mah.,6,6. Kat,208,https://www.hepsiemlak.com/trabzon-ortahisar-yalincak-satilik/daire/168939-35,6.0,Ortahisar
Ziraat Bankası'Ndan Pelitli Mahallesi'Nde Mesken,5500000,Trabzon / Ortahisar / Pelitli Mah.,5,Bodrum,178,https://www.hepsiemlak.com/trabzon-ortahisar-pelitli-satilik/daire/87791-276138,1.0,Ortahisar
Asil Gayrimenkulden Karşıyaka Mah Satılık Daire,2850000,Trabzon / Ortahisar / Karşıyaka Mah.,20,1. Kat,140,https://www.hepsiemlak.com/trabzon-ortahisar-karsiyaka-satilik/daire/58878-986,1.0,Ortahisar
Vıp Gayrimenkul'Den Bahçecik Mahallesinde 3+1 Satılık Dairemiz,5100000,Trabzon / Ortahisar / Bahçecik Mah.,16,9. Kat,160,https://www.hepsiemlak.com/trabzon-ortahisar-bahcecik-satilik/daire/163440-225,9.0,Ortahisar
Kalecikte 4+2 Dubleks Deniz Ve Doğa Manzaralı Daire,10200000,Trabzon / Araklı / Kalecik Mah.,1,6. Kat,205,https://www.hepsiemlak.com/trabzon-arakli-kalecik-satilik/daire/163938-162,6.0,Araklı
Turyap Trabzon Satılık Daire Ak Towers 4+1,9450000,Trabzon / Akçaabat / Söğütlü Mah.,6,7. Kat,190,https://www.hepsiemlak.com/trabzon-akcaabat-sogutlu-satilik/daire/168939-33,7.0,Akçaabat
Yalı Gayrimenkulden Kalkınma Mahallesi Satılık 3+1 Daire,4450000,Trabzon / Ortahisar / Kalkınma Mah.,20,3. Kat,125,https://www.hepsiemlak.com/trabzon-ortahisar-kalkinma-satilik/daire/131919-498,3.0,Ortahisar
Trabzon Bahçecik De 2+1 Satılık Daire,1115000,Trabzon / Ortahisar / Bahçecik Mah.,31,Yüksek Giriş,110,https://www.hepsiemlak.com/trabzon-ortahisar-bahcecik-satilik/daire/164963-247,0.0,Ortahisar
Akçaabat Yaylacık Mahallesi'Nde Satılık 2+1 4. Kat Doğalgazlı,3250000,Trabzon / Akçaabat / Yaylacık Mah.,21,4. Kat,85,https://www.hepsiemlak.com/trabzon-akcaabat-yaylacik-satilik/daire/118482-307,4.0,Akçaabat
Yıldızlı Toki Evlerinde Satılık 3+1 Daire,4200000,Trabzon / Akçaabat / Yıldızlı Mah.,11,9. Kat,145,https://www.hepsiemlak.com/trabzon-akcaabat-yildizli-satilik/daire/163938-160,9.0,Akçaabat
Vıp Gayrimenkulden Yeni Cumada Satılık Daire,2580000,Trabzon / Ortahisar / Yenicuma Mah.,11,Çatı Katı,150,https://www.hepsiemlak.com/trabzon-ortahisar-yenicuma-satilik/daire/163440-196,99.0,Ortahisar
"Konaklar Mahallesinde, Dört Cephesi De Açık, Merkezi Konumda",1500000,Trabzon / Ortahisar / Konaklar Mah.,16,7. Kat,160,https://www.hepsiemlak.com/trabzon-ortahisar-konaklar-satilik/daire/163477-48,7.0,Ortahisar
1 Nolu Beşirli Asude Evleri 4+1 Satılık Lux Daire,15500000,Trabzon / Ortahisar / 1 Nolu Beşirli Mah.,0,7. Kat,205,https://www.hepsiemlak.com/trabzon-ortahisar-1-nolu-besirli-satilik/daire/168939-26,7.0,Ortahisar
Kaşüstü Seyrantepe Evleri Satılık 160m2 3+1 2. Kat Daire,5750000,Trabzon / Yomra / Kaşüstü Mah.,3,2. Kat,160,https://www.hepsiemlak.com/trabzon-yomra-kasustu-satilik/daire/153201-146,2.0,Yomra
İskender Paşa Mah. Satılık 2+1 Daire,1700000,Trabzon / Ortahisar / İskenderpaşa Mah.,31,5. Kat,100,https://www.hepsiemlak.com/trabzon-ortahisar-iskenderpasa-satilik/daire/163949-42,5.0,Ortahisar
Vıp Gayrimenkuldan Boztepe De Fırsat 3+1 Satılık Daire,5200000,Trabzon / Ortahisar / Boztepe Mah.,4,1. Kat,160,https://www.hepsiemlak.com/trabzon-ortahisar-boztepe-satilik/daire/163440-178,1.0,Ortahisar
Çukurçayır Akprestijte Muhteşem Konumda Satılık 4+1 Daire,7000000,Trabzon / Ortahisar / Çukurçayır Mah.,11,6. Kat,210,https://www.hepsiemlak.com/trabzon-ortahisar-cukurcayir-satilik/daire/163938-138,6.0,Ortahisar
Yüksel Emlak Gyo'Dan 1 Nolu Erdoğdu Mahallesin 'De Satılık Daire,1800000,Trabzon / Ortahisar / 1 Nolu Erdoğdu Mah.,31,Yüksek Giriş,110,https://www.hepsiemlak.com/trabzon-ortahisar-1-nolu-erdogdu-satilik/daire/163981-44,0.0,Ortahisar
Yalı Gayrimenkulden Uyguna Satılık Hazır Kiracılı Yatırımlık 2+1,3000000,Trabzon / Ortahisar / Kalkınma Mah.,20,1. Kat,85,https://www.hepsiemlak.com/trabzon-ortahisar-kalkinma-satilik/daire/131919-496,1.0,Ortahisar
"Ayasofya Kavşağı Fatih Mah. Asansörlü, Deniz Manzaralı, 220 M2",4400000,Trabzon / Ortahisar / Fatih Mah.,26,4. Kat,220,https://www.hepsiemlak.com/trabzon-ortahisar-fatih-satilik/daire/163477-37,4.0,Ortahisar
Turyap Trabzon Havaalanı Karşısı Satılık Villa,26500000,Trabzon / Ortahisar / 1 Nolu Bostancı Mah.,0,Bahçe Katı,215,https://www.hepsiemlak.com/trabzon-ortahisar-1-nolu-bostanci-satilik/villa/168939-10,0.0,Ortahisar
1 Nolu Bostancı Satılık 1+1 Sıfır Yerden Isıymalı 8. Kat Daire,3100000,Trabzon / Ortahisar / 1 Nolu Bostancı Mah.,0,8. Kat,60,https://www.hepsiemlak.com/trabzon-ortahisar-1-nolu-bostanci-satilik/daire/153201-108,8.0,Ortahisar
Küçükler Gayrimenkulden 1nolu Erdoğduda Yatırımlık Satılık Daire,2500000,Trabzon / Ortahisar / 1 Nolu Erdoğdu Mah.,21,4. Kat,115,https://www.hepsiemlak.com/trabzon-ortahisar-1-nolu-erdogdu-satilik/daire/51410-1931,4.0,Ortahisar
Vıp Gayrimenkuldan Son Fırsat Manzara Evlerinde Satılık Daire,5800000,Trabzon / Ortahisar / 2 Nolu Beşirli Mah.,1,3. Kat,175,https://www.hepsiemlak.com/trabzon-ortahisar-2-nolu-besirli-satilik/daire/163440-120,3.0,Ortahisar
"Akyazı Ze Residence Satılık 4,5+1 Lux Daireler",12500000,Trabzon / Ortahisar / Akyazı Mah.,3,3. Kat,265,https://www.hepsiemlak.com/trabzon-ortahisar-akyazi-satilik/daire/163938-42,3.0,Ortahisar
Yalı Gayrimenkul'Den Uygun Fiyata Satılık Kiracılı Fırsat 2+1 Daire,850000,Trabzon / Ortahisar / Değirmendere Mah.,30,Bahçe Katı,98,https://www.hepsiemlak.com/trabzon-ortahisar-degirmendere-satilik/daire/131919-465,0.0,Ortahisar
1 Nolu Bostancı Satılık 2+1 Yerden Isıtmalı Fırsat Sıfır Daire,3800000,Trabzon / Ortahisar / 1 Nolu Bostancı Mah.,0,2. Kat,120,https://www.hepsiemlak.com/trabzon-ortahisar-1-nolu-bostanci-satilik/daire/153201-106,2.0,Ortahisar
Vip Gayrimenkulden 2 Nolu Beşirlide Satılık 3+1 Daire,2700000,Trabzon / Ortahisar / 2 Nolu Beşirli Mah.,31,1. Kat,150,https://www.hepsiemlak.com/trabzon-ortahisar-2-nolu-besirli-satilik/daire/163440-66,1.0,Ortahisar
Çukurçayır'In Kalbinde Deniz Ve Doğa Manzaralı Satılık 3+1 Daire,6500000,Trabzon / Ortahisar / Çukurçayır Mah.,6,9. Kat,170,https://www.hepsiemlak.com/trabzon-ortahisar-cukurcayir-satilik/daire/163938-33,9.0,Ortahisar
Turyap Trabzon Akyazı Özel Bahçeli Mini Villa,15000000,Trabzon / Ortahisar / Akyazı Mah.,2,Bahçe Katı,342,https://www.hepsiemlak.com/trabzon-ortahisar-akyazi-satilik/villa/168939-6,0.0,Ortahisar
Çimenli Deniz Ve Sahil Yolu Kenarında Satılık Bahçeli Villa,27500000,Trabzon / Ortahisar / Çimenli Mah.,8,,290,https://www.hepsiemlak.com/trabzon-ortahisar-cimenli-satilik/villa/83736-831,,Ortahisar
İnönü Mah. Sahile Yakın Satılık Daire,3125000,Trabzon / Ortahisar / İnönü Mah.,31,4. Kat,120,https://www.hepsiemlak.com/trabzon-ortahisar-inonu-satilik/daire/163938-233,4.0,Ortahisar
1 Nolu Erdoğdu'Da Satılık 4+1 Daire,3600000,Trabzon / Ortahisar / 1 Nolu Erdoğdu Mah.,21,3. Kat,160,https://www.hepsiemlak.com/trabzon-ortahisar-1-nolu-erdogdu-satilik/daire/164963-286,3.0,Ortahisar
Turyap Trabzon Akyazı Satılık Mini Villa,14000000,Trabzon / Ortahisar / Akyazı Mah.,2,2. Kat,305,https://www.hepsiemlak.com/trabzon-ortahisar-akyazi-satilik/daire/168939-5,2.0,Ortahisar
Yomra Safir Konutlarında Satılık Sıfır 4+1 Fırsat Daire,4950000,Trabzon / Yomra / Sancak Mah.,7,2. Kat,191,https://www.hepsiemlak.com/trabzon-yomra-sancak-satilik/daire/83736-489,2.0,Yomra
Kalkınma Mahallesinde Satılık 3+1 125 Metre Kare Doğalgazlı Daire,2680000,Trabzon / Ortahisar / Kalkınma Mah.,25,Bahçe Katı,125,https://www.hepsiemlak.com/trabzon-ortahisar-kalkinma-satilik/daire/125789-344,0.0,Ortahisar
Trabzon Gayrimenkulden Pelitlide Satılık 3+1 Daire,4700000,Trabzon / Ortahisar / Pelitli Mah.,0,1. Kat,125,https://www.hepsiemlak.com/trabzon-ortahisar-pelitli-satilik/daire/164963-283,1.0,Ortahisar
Yomra Safir Konutlarında Satılık 4+1 Sıfır Fırsat Daire,5250000,Trabzon / Yomra / Sancak Mah.,7,4. Kat,191,https://www.hepsiemlak.com/trabzon-yomra-sancak-satilik/daire/83736-487,4.0,Yomra
Trabzon Ortahisar Kasıryapı Evleri Sıfır 192 M2 Fırsat 3+1 Daire,5300000,Trabzon / Ortahisar / Pelitli Mah.,6,3. Kat,192,https://www.hepsiemlak.com/trabzon-ortahisar-pelitli-satilik/daire/93513-340,3.0,Ortahisar
Satılık 5+1 Eşyalı Dubleks Arsin,7700000,Trabzon / Arsin / Güzelyalı Mah.,6,9. Kat,240,https://www.hepsiemlak.com/trabzon-arsin-guzelyali-satilik/daire/163611-87,9.0,Arsin
Trabzon Gayrimenkul'Den Yalıncak Bölgesinde Satılık 1+1 Daire,3500000,Trabzon / Ortahisar / Yalıncak Mah.,0,5. Kat,50,https://www.hepsiemlak.com/trabzon-ortahisar-yalincak-satilik/daire/164963-267,5.0,Ortahisar
Turyap Trabzon Dolaylı Satılık Villa,14100000,Trabzon / Ortahisar / Dolaylı Mah.,6,Bahçe Katı,400,https://www.hepsiemlak.com/trabzon-ortahisar-dolayli-satilik/villa/168939-3,0.0,Ortahisar
Trabzon Ortahisar'Da Sahilde Satılık Daire.,1950000,Trabzon / Ortahisar / Toklu Mah.,30,Yüksek Giriş,105,https://www.hepsiemlak.com/trabzon-ortahisar-toklu-satilik/daire/30414-5728,0.0,Ortahisar
Asil Gayrimenkulden Çukurçayirda Satılık Daire,5500000,Trabzon / Ortahisar / Çukurçayır Mah.,15,6. Kat,140,https://www.hepsiemlak.com/trabzon-ortahisar-cukurcayir-satilik/daire/58878-892,6.0,Ortahisar
Deha Emlak`tan Satılık 3+1 Daire Akçaabat Yaylacık Mah,3750000,Trabzon / Akçaabat / Yaylacık Mah.,22,9. Kat,135,https://www.hepsiemlak.com/trabzon-akcaabat-yaylacik-satilik/daire/110612-922,9.0,Akçaabat
Akçaabat Ortamahallede Satılık Giriş Kat 3+1,2250000,Trabzon / Akçaabat / Orta Mah.,26,Giriş Katı,125,https://www.hepsiemlak.com/trabzon-akcaabat-orta-satilik/daire/118482-305,0.0,Akçaabat
Yomra Safir Konutlarında Satılık Zemin Sıfır Fırsat Daire,3550000,Trabzon / Yomra / Sancak Mah.,7,Zemin,165,https://www.hepsiemlak.com/trabzon-yomra-sancak-satilik/daire/83736-488,0.0,Yomra
Asil Gayrimenkulden Esentepe Mah Meydana Yakın Satılık Daire,2000000,Trabzon / Ortahisar / Esentepe Mah.,30,3. Kat,120,https://www.hepsiemlak.com/trabzon-ortahisar-esentepe-satilik/daire/58878-1026,3.0,Ortahisar
Bahçecikte Fırsat 3+1 Sıfır Daire,3750000,Trabzon / Ortahisar / Bahçecik Mah.,0,2. Kat,130,https://www.hepsiemlak.com/trabzon-ortahisar-bahcecik-satilik/daire/163440-261,2.0,Ortahisar
Trabzon 2 Nolu Beşirli De Satılık 3+1 Daire,4000000,Trabzon / Ortahisar / 2 Nolu Beşirli Mah.,21,1. Kat,135,https://www.hepsiemlak.com/trabzon-ortahisar-2-nolu-besirli-satilik/daire/163938-253,1.0,Ortahisar
Vip Real Estate 3 Nolu Erdoğdu Merkezi Konumda 3+1 Daire,5200000,Trabzon / Ortahisar / 3 Nolu Erdoğdu Mah.,0,2. Kat,130,https://www.hepsiemlak.com/trabzon-ortahisar-3-nolu-erdogdu-satilik/daire/163440-257,2.0,Ortahisar
Asil Gayrimenkulden Yenicuma Mah. Satılık Daire,3500000,Trabzon / Ortahisar / Yenicuma Mah.,30,2. Kat,115,https://www.hepsiemlak.com/trabzon-ortahisar-yenicuma-satilik/daire/58878-978,2.0,Ortahisar
Trabzon Yenıcuma Merkezi Konum Da Satılık Daire,2500000,Trabzon / Ortahisar / Yenicuma Mah.,16,1. Kat,115,https://www.hepsiemlak.com/trabzon-ortahisar-yenicuma-satilik/daire/163938-251,1.0,Ortahisar
Vip Real Estate Erdoğdu Merkezi Konumda 2+1 Daire,4250000,Trabzon / Ortahisar / 2 Nolu Erdoğdu Mah.,0,2. Kat,100,https://www.hepsiemlak.com/trabzon-ortahisar-2-nolu-erdogdu-satilik/daire/163440-255,2.0,Ortahisar
Turyap'Tan Çukurçayır Palmiye Sitesinde Dubleks,12000000,Trabzon / Ortahisar / Çukurçayır Mah.,11,13. Kat,350,https://www.hepsiemlak.com/trabzon-ortahisar-cukurcayir-satilik/daire/168939-119,13.0,Ortahisar
Pelitli'De Satılık Yerden Isıtmalı 3+1 Fırsat Daire,5600000,Trabzon / Ortahisar / Pelitli Mah.,4,1. Kat,170,https://www.hepsiemlak.com/trabzon-ortahisar-pelitli-satilik/daire/164963-255,1.0,Ortahisar
Trabzon Bahçecik De Satılık Sıfır Daire,3850000,Trabzon / Ortahisar / Bahçecik Mah.,0,7. Kat,105,https://www.hepsiemlak.com/trabzon-ortahisar-bahcecik-satilik/daire/163938-235,7.0,Ortahisar
Vip Real Estate Den Aydınlıkevler Mah 3+1 2. Kat Daire,3850000,Trabzon / Ortahisar / Aydınlıkevler Mah.,26,2. Kat,145,https://www.hepsiemlak.com/trabzon-ortahisar-aydinlikevler-satilik/daire/163440-253,2.0,Ortahisar
Asil Gayrimenkulden Meydana Yakın Satılık Daire,2400000,Trabzon / Ortahisar / Gazipaşa Mah.,25,3. Kat,90,https://www.hepsiemlak.com/trabzon-ortahisar-gazipasa-satilik/daire/58878-954,3.0,Ortahisar
Turyap'Tan Aydınlıkevler Mah. Satılık 2+1 Daire,3100000,Trabzon / Ortahisar / Aydınlıkevler Mah.,21,Yüksek Giriş,110,https://www.hepsiemlak.com/trabzon-ortahisar-aydinlikevler-satilik/daire/168939-116,0.0,Ortahisar
Alisa Grup'Tan Trabzon'Da 3+1 130m2 Daire,3475000,Trabzon / Dernekpazarı / Kondu Mah.,6,4. Kat,130,https://www.hepsiemlak.com/trabzon-dernekpazari-kondu-satilik/daire/164515-20,4.0,Dernekpazarı
Bostancı Ak Yıldız Sitesinde 3+1 Deniz Manzaralı Satılık,8750000,Trabzon / Ortahisar / 1 Nolu Bostancı Mah.,6,7. Kat,180,https://www.hepsiemlak.com/trabzon-ortahisar-1-nolu-bostanci-satilik/daire/164963-254,7.0,Ortahisar
Akçaabat Kavaklı'Da Satılık 2+1 Deniz Manzaralı Asansörlü Daire,2560000,Trabzon / Akçaabat / Kavaklı Mah.,26,11. Kat,130,https://www.hepsiemlak.com/trabzon-akcaabat-kavakli-satilik/daire/163938-213,11.0,Akçaabat
Vip Real Estate Den Aydınlıkevler Mah 3+1 4. Kat Daire,3600000,Trabzon / Ortahisar / Aydınlıkevler Mah.,31,4. Kat,120,https://www.hepsiemlak.com/trabzon-ortahisar-aydinlikevler-satilik/daire/163440-241,4.0,Ortahisar
Köy Hayatı İstiyorum Diyenlere Özel Satılık Bahçeli Mustakil Ev,13000000,Trabzon / Ortahisar / Yeşilova Mah.,6,Bahçe Katı,250,https://www.hepsiemlak.com/trabzon-ortahisar-yesilova-satilik/mustakil-ev/168939-101,0.0,Ortahisar
Boztepe Towers'Da 4+1 Satılık Daire,8000000,Trabzon / Ortahisar / Çukurçayır Mah.,6,9. Kat,205,https://www.hepsiemlak.com/trabzon-ortahisar-cukurcayir-satilik/daire/164963-245,9.0,Ortahisar
Millet Bahçesinin Yanında Merkezi Konumda Satılık 2+1 Daire,3475000,Trabzon / Ortahisar / İnönü Mah.,21,3. Kat,110,https://www.hepsiemlak.com/trabzon-ortahisar-inonu-satilik/daire/163938-206,3.0,Ortahisar
"Vıp Gayrimenkul'Den Söğütlü'De Ferah, Geniş 3+1 Satılık Daire",6100000,Trabzon / Akçaabat / Söğütlü Mah.,11,3. Kat,160,https://www.hepsiemlak.com/trabzon-akcaabat-sogutlu-satilik/daire/163440-216,3.0,Akçaabat
Fırsat!! Turyap'Tan Eşyalı 1+1 Satılık Daire,1650000,Trabzon / Akçaabat / Yıldızlı Mah.,11,2. Kat,55,https://www.hepsiemlak.com/trabzon-akcaabat-yildizli-satilik/daire/168939-88,2.0,Akçaabat
Ev Ve Arazi Trabzon Maçka Güzelce Köyü,7000000,Trabzon / Maçka / Güzelce Mah.,4,,220,https://www.hepsiemlak.com/trabzon-macka-guzelce-satilik/mustakil-ev/0-44136758,,Maçka
Albustan Villa Sitesi İlk 3 Villa Kampanyalı Satışta,13000000,Trabzon / Arsin / Cudibey Mah.,0,Bahçe Katı,220,https://www.hepsiemlak.com/trabzon-arsin-cudibey-satilik/villa/163611-79,0.0,Arsin
Değirmendere 'De Satılık 2+1 Deniz Manzaralı Daire,2100000,Trabzon / Ortahisar / Değirmendere Mah.,30,5. Kat,90,https://www.hepsiemlak.com/trabzon-ortahisar-degirmendere-satilik/daire/30414-5717,5.0,Ortahisar
Yomra'Da Satılık 3+1 Deniz Manzaralı Fırsat Daire,5590000,Trabzon / Yomra / Sancak Mah.,3,5. Kat,170,https://www.hepsiemlak.com/trabzon-yomra-sancak-satilik/daire/164963-207,5.0,Yomra
Beşirlide Sıfır Daire Bahçe Katı,4250000,Trabzon / Ortahisar / 2 Nolu Beşirli Mah.,0,Bahçe Katı,135,https://www.hepsiemlak.com/trabzon-ortahisar-2-nolu-besirli-satilik/daire/163938-186,0.0,Ortahisar
Vip Gayrimenkulden Karşıyakada Yatırımlık Kiracılı Fırsat Daire,8200000,Trabzon / Ortahisar / Karşıyaka Mah.,3,8. Kat,180,https://www.hepsiemlak.com/trabzon-ortahisar-karsiyaka-satilik/daire/163440-199,8.0,Ortahisar
Harika Konumda Satılık 4+1 Daire,8600000,Trabzon / Ortahisar / Konaklar Mah.,0,3. Kat,225,https://www.hepsiemlak.com/trabzon-ortahisar-konaklar-satilik/daire/83736-923,3.0,Ortahisar
Turyap'Tan Karşıyaka'Da 3+1 Satılık Daire,6500000,Trabzon / Ortahisar / Karşıyaka Mah.,16,9. Kat,160,https://www.hepsiemlak.com/trabzon-ortahisar-karsiyaka-satilik/daire/168939-61,9.0,Ortahisar
Trabzon Kaymaklı 1+0 Satılık Uygun Daire,1110000,Trabzon / Ortahisar / Kaymaklı Mah.,26,Zemin,55,https://www.hepsiemlak.com/trabzon-ortahisar-kaymakli-satilik/daire/164963-196,0.0,Ortahisar
Trbzon 2 Nolu Beşirli Sıfır Bahçekatı,5375000,Trabzon / Ortahisar / 2 Nolu Beşirli Mah.,0,Bahçe Katı,120,https://www.hepsiemlak.com/trabzon-ortahisar-2-nolu-besirli-satilik/daire/163938-183,0.0,Ortahisar
Vıp Real Estate Arsin'De Deniz Manzaralı Satılık 3+1 Daire,4250000,Trabzon / Arsin / Yalı Mah.,11,1. Kat,140,https://www.hepsiemlak.com/trabzon-arsin-yali-satilik/daire/163440-187,1.0,Arsin
Pelitli Palmiye Evlerinde 2+1 Eşyalı Deniz Manzaralı Daire,4800000,Trabzon / Ortahisar / Pelitli Mah.,2,3. Kat,120,https://www.hepsiemlak.com/trabzon-ortahisar-pelitli-satilik/daire/164963-189,3.0,Ortahisar
Akçaabat Kireçhane Deniz Manzaralı Daire,5000000,Trabzon / Akçaabat / Yaylacık Mah.,16,6. Kat,140,https://www.hepsiemlak.com/trabzon-akcaabat-yaylacik-satilik/daire/163938-182,6.0,Akçaabat
Platınum Satılık Sıfır Daıre,6500000,Trabzon / Yomra / Kaşüstü Mah.,4,13. Kat,220,https://www.hepsiemlak.com/trabzon-yomra-kasustu-satilik/daire/168939-34,13.0,Yomra
Yaylacık Mahallesinde 2+1 Satılık Daire,6000000,Trabzon / Akçaabat / Yaylacık Mah.,0,Zemin,90,https://www.hepsiemlak.com/trabzon-akcaabat-yaylacik-satilik/daire/0-45992558,0.0,Akçaabat
Ziraat Bankası'Ndan Hürriyet Mahallesinde Daire,5500000,Trabzon / Araklı / Hürriyet Mah.,4,4. Kat,155,https://www.hepsiemlak.com/trabzon-arakli-hurriyet-satilik/daire/87791-277940,4.0,Araklı
Mağmat'Ta Satılık Özel Yapım Ahşap Villa,12750000,Trabzon / Ortahisar / Kamışlı Mah.,0,Bahçe Katı,250,https://www.hepsiemlak.com/trabzon-ortahisar-kamisli-satilik/villa/164963-182,0.0,Ortahisar
Akyazı Satılık Vılla:Sera Golu Yakını,13000000,Trabzon / Ortahisar / Akyazı Mah.,1,Bahçe Katı,236,https://www.hepsiemlak.com/trabzon-ortahisar-akyazi-satilik/villa/168939-9,0.0,Ortahisar
Trabzon Kasıryapı Evleri 207m2 Sıfır Satılık 3+1 Fırsat Daire,5900000,Trabzon / Ortahisar / Pelitli Mah.,6,7. Kat,207,https://www.hepsiemlak.com/trabzon-ortahisar-pelitli-satilik/daire/93513-341,7.0,Ortahisar
Bahçecik Mahallesi Affan Lisesi Yanı 3+1 Daire,6200000,Trabzon / Akçaabat / Yıldızlı Mah.,10,8. Kat,160,https://www.hepsiemlak.com/trabzon-akcaabat-yildizli-satilik/daire/0-46424895,8.0,Akçaabat
Bahçecikteki Manzaralı Dairemiz Kampanyalı Fiyatıyla Sizlerle,4000000,Trabzon / Ortahisar / Bahçecik Mah.,21,6. Kat,140,https://www.hepsiemlak.com/trabzon-ortahisar-bahcecik-satilik/daire/163938-224,6.0,Ortahisar
Trabzon Merkez Satılık Konut,5810000,Trabzon / Ortahisar / İnönü Mah.,28,1. Kat,128,https://www.hepsiemlak.com/trabzon-ortahisar-inonu-satilik/daire/101004-10250,1.0,Ortahisar
Beşirli Mozaik Sitesinde Satılık 3+1 Lüks Daire,8250000,Trabzon / Ortahisar / 1 Nolu Beşirli Mah.,6,7. Kat,185,https://www.hepsiemlak.com/trabzon-ortahisar-1-nolu-besirli-satilik/daire/164963-180,7.0,Ortahisar
Erdoğduda Fırsat Satılık Daire,1200000,Trabzon / Ortahisar / 2 Nolu Erdoğdu Mah.,26,Zemin,125,https://www.hepsiemlak.com/trabzon-ortahisar-2-nolu-erdogdu-satilik/daire/163440-288,0.0,Ortahisar
Sera Gölü-Doğa İçinde Satılık Vılla,15000000,Trabzon / Ortahisar / Akyazı Mah.,1,Bahçe Katı,248,https://www.hepsiemlak.com/trabzon-ortahisar-akyazi-satilik/villa/168939-8,0.0,Ortahisar
Trabzon Da Özgün Mimari Ve Malikane Zarafetiyle Satılık Villa !,72500000,Trabzon / Ortahisar / 2 Nolu Beşirli Mah.,0,Bahçe Katı,610,https://www.hepsiemlak.com/trabzon-ortahisar-2-nolu-besirli-satilik/villa/164963-140,0.0,Ortahisar
Ziraat Bankası'Ndan Sancak Mahallesinde Dubleks,5000000,Trabzon / Yomra / Sancak Mah.,12,4. Kat,185,https://www.hepsiemlak.com/trabzon-yomra-sancak-satilik/daire/87791-278045,4.0,Yomra
Trabzon Akçaabat Satılık Konut,7430000,Trabzon / Akçaabat / Söğütlü Mah.,14,1. Kat,18500,https://www.hepsiemlak.com/trabzon-akcaabat-sogutlu-satilik/daire/101004-9282,1.0,Akçaabat
Trabzon Gayrimenkulden Yalıncak Altınşehirde Satılık 3+1 Daire,7450000,Trabzon / Ortahisar / Yalıncak Mah.,5,10. Kat,172,https://www.hepsiemlak.com/trabzon-ortahisar-yalincak-satilik/daire/164963-138,10.0,Ortahisar
Satılık Vıp Gayrimenkul'Den Özen Apartmanı'Nda Daire,3900000,Trabzon / Ortahisar / Karşıyaka Mah.,26,2. Kat,150,https://www.hepsiemlak.com/trabzon-ortahisar-karsiyaka-satilik/daire/163440-294,2.0,Ortahisar
1 Nolu Erdoğdu Mahallesinde Uygun Satılık Daire,1800000,Trabzon / Ortahisar / 1 Nolu Erdoğdu Mah.,31,1. Kat,100,https://www.hepsiemlak.com/trabzon-ortahisar-1-nolu-erdogdu-satilik/daire/168939-132,1.0,Ortahisar
Trabzon Gayrimenkulden Satılık 5+1 Dubleks Daire,7000000,Trabzon / Arsin / Güzelyalı Mah.,5,9. Kat,215,https://www.hepsiemlak.com/trabzon-arsin-guzelyali-satilik/daire/164963-56,9.0,Arsin
Turyap Trabzon'Dan Yıldızlı Tokide Satılık 2+1 Daire,2625000,Trabzon / Akçaabat / Yıldızlı Mah.,16,10. Kat,100,https://www.hepsiemlak.com/trabzon-akcaabat-yildizli-satilik/daire/168939-126,10.0,Akçaabat
Trabzon Ortahisar Satılık Konut,5450000,Trabzon / Ortahisar / Yalıncak Mah.,3,1. Kat,148,https://www.hepsiemlak.com/trabzon-ortahisar-yalincak-satilik/daire/101004-10193,1.0,Ortahisar
Trabzon Gayrimenkulden Yalıncakta Satılık 4+1 Eşyalı Daire,9550000,Trabzon / Ortahisar / Yalıncak Mah.,5,11. Kat,192,https://www.hepsiemlak.com/trabzon-ortahisar-yalincak-satilik/daire/164963-53,11.0,Ortahisar
Turyap Gayrimenkul'Den Arsa İçerisinde Müstakil Villa,27000000,Trabzon / Ortahisar / Uğurlu Mah.,6,Bahçe Katı,320,https://www.hepsiemlak.com/trabzon-ortahisar-ugurlu-satilik/mustakil-ev/168939-109,0.0,Ortahisar
Trabzon Gayrimenkulden My Doğa Sitesinde Satılık Eşyalı Daire,6400000,Trabzon / Yomra / Namıkkemal Mah.,6,5. Kat,174,https://www.hepsiemlak.com/trabzon-yomra-namikkemal-satilik/daire/164963-47,5.0,Yomra
Çukurçayır Kaymaklıda Sıfır 3+1 Satılık Daire,4200000,Trabzon / Ortahisar / Kaymaklı Mah.,0,5. Kat,150,https://www.hepsiemlak.com/trabzon-ortahisar-kaymakli-satilik/daire/164963-226,5.0,Ortahisar
Asil Gayrimenkulden Esentepe'De Meydana Yakın Satılık Daire,2000000,Trabzon / Ortahisar / Esentepe Mah.,20,1. Kat,90,https://www.hepsiemlak.com/trabzon-ortahisar-esentepe-satilik/daire/58878-992,1.0,Ortahisar
Trabzon Araklı Da Satılık Daire,3175000,Trabzon / Araklı / Özgen Mah.,1,4. Kat,85,https://www.hepsiemlak.com/trabzon-arakli-ozgen-satilik/daire/163938-216,4.0,Araklı
Vip Gayrimenkulden Akçaabat Yaylacık Merkezde 3+1 Daire,3350000,Trabzon / Akçaabat / Yaylacık Mah.,26,3. Kat,145,https://www.hepsiemlak.com/trabzon-akcaabat-yaylacik-satilik/daire/163440-245,3.0,Akçaabat
Trabzon Bahçecik De Satılık Sıfır Daire,5300000,Trabzon / Ortahisar / Bahçecik Mah.,0,5. Kat,145,https://www.hepsiemlak.com/trabzon-ortahisar-bahcecik-satilik/daire/163938-209,5.0,Ortahisar
Vıp Gayrimenkuldan 1 Nolu Erdoğdu Da Satılık Müstakil Dublex,2150000,Trabzon / Ortahisar / 1 Nolu Erdoğdu Mah.,31,1. Kat,100,https://www.hepsiemlak.com/trabzon-ortahisar-1-nolu-erdogdu-satilik/daire/163440-228,1.0,Ortahisar
Kaymaklıda Deniz Manzaralı 3+1 Satılık Daire,4200000,Trabzon / Ortahisar / Kaymaklı Mah.,0,4. Kat,150,https://www.hepsiemlak.com/trabzon-ortahisar-kaymakli-satilik/daire/164963-216,4.0,Ortahisar
Vıp Gayrimenkul'Den Meydan'Da 3+1 Satılık Daire,2850000,Trabzon / Ortahisar / Kemerkaya Mah.,21,4. Kat,150,https://www.hepsiemlak.com/trabzon-ortahisar-kemerkaya-satilik/daire/163440-209,4.0,Ortahisar
Vip Gayrimenkul'Den Meydanda Yatırımlık Fırsat Daire,6250000,Trabzon / Ortahisar / Kemerkaya Mah.,31,3. Kat,125,https://www.hepsiemlak.com/trabzon-ortahisar-kemerkaya-satilik/daire/163440-197,3.0,Ortahisar
